模版名称,网站名称,网站域名,网站链接
_app_1_m_sohu_com.py,搜狐客户端,m.sohu.com,http://m.sohu.com/ch/8/
_bbs_100_www_szbbs_org.py,随州论坛,bbs.szbbs.org,http://www.szbbs.org/forum.php
_bbs_101_szbbs_sznews_com.py,深圳论坛,szbbs.sznews.com,https://szbbs.sznews.com/portal.php
_bbs_102_bbs_szcw_cn.py,苏e车友会,bbs.szcw.cn,http://bbs.szcw.cn/forum.php
_bbs_103_bbs_szhome_com.py,家在深圳,bbs.szhome.com,http://bbs.szhome.com/
_bbs_104_index_bbs_taobao_com.py,淘宝论坛,bbs.taobao.com,https://index.bbs.taobao.com/home.html
_bbs_105_bbs_tech-food_com.py,中国食品科技网论坛,bbs.tech-food.com,http://bbs.tech-food.com/
_bbs_106_bbs_tiexue_net.py,铁血论坛,bbs.tiexue.net,https://bbs.tiexue.net
_bbs_107_bbs_tnbz_com.py,甜蜜家园糖尿病论坛,bbs.tnbz.com,http://bbs.tnbz.com/
_bbs_108_bbs_wangjing_cn.py,望京网论坛,bbs.wangjing.cn,http://bbs.wangjing.cn/
_bbs_109_bbs_58che_com.py,汽车点评网论坛,bbs.58che.com,https://bbs.58che.com/
_bbs_10_www_belle8_com.py,百丽吧,belle8.com,http://www.belle8.com/forum.php?mod=forumdisplay&fid=5
_bbs_110_www_xh0523_com.py,兴化论坛,www.xh0523.com/,https://www.xh0523.com//forum.php
_bbs_111_bbs_xinpg_com.py,新平果论坛,bbs.xinpg.com,http://bbs.xinpg.com/
_bbs_112_bbs_xmhouse_com.py,厦门房地产联合网论坛,bbs.xmhouse.com,http://bbs.xmhouse.com/
_bbs_113_bbs_xnnews_com_cn.py,咸宁论坛,bbs.xnnews.com.cn,http://bbs.xnnews.com.cn/forum.php
_bbs_114_bbs_yangshengzhu_com.py,养生论道论坛,bbs.yangshengzhu.com,http://bbs.yangshengzhu.com/forum.php
_bbs_115_bbs_yaolan_com.py,摇篮网论坛,bbs.yaolan.com,http://bbs.yaolan.com/
_bbs_116_bbs_yaozh_com.py,药智论坛,bbs.yaozh.com,https://bbs.yaozh.com/forum.php
_bbs_117_bbs_ybxww_com.py,互动宜宾论坛,bbs.ybxww.com,http://bbs.ybxww.com/portal.php
_bbs_118_bbs_yingjiesheng_com.py,应届生论坛,bbs.yingjiesheng.com,http://bbs.yingjiesheng.com/forum.php
_bbs_119_www_ytbbs_com.py,烟台论坛,www.ytbbs.com,http://www.ytbbs.com/
_bbs_11_bbs_0439_com.py,白山论坛,bbs.0439.com,http://bbs.0439.com/forum-41-1.html
_bbs_120_www_yycqc_com.py,云阳人家,yycqc.com,http://www.yycqc.com/forum.php
_bbs_121_bbs_zcinfo_net.py,诸城资讯港城市论坛,bbs.zcinfo.net,http://bbs.zcinfo.net/forum.php
_bbs_122_bbs_zol_com_cn.py,中关村在线论坛,bbs.zol.com.cn,http://bbs.zol.com.cn/
_bbs_123_bbs_zxwindow_com.py,钟祥论坛,bbs.zxwindow.com,http://bbs.zxwindow.com/
_bbs_124_bbs_tiexue_net.py,滨海论坛,bhwang.cn,http://www.bhwang.cn/forum.php/
_bbs_125_bjmama_com.py,北京妈妈,www.bjmama.com,http://bjmama.com
_bbs_126_bj_leju_com.py,新浪乐居论坛,bj.leju.com,http://bj.leju.com/
_bbs_127_bbs_tiexue_net.py,博体球讯,bt888.net,https://www.bt888.net/
_bbs_128_bbs_tiexue_net.py,卡牛,cardniu.com,https://bbs.cardniu.com/
_bbs_129_cd_qq_com.py,大成网-有话说,cd.qq.com,https://cd.qq.com/
_bbs_12_bbs_tiexue_net.py,宝宝知道,baidu.com,https://baobao.baidu.com/channel
_bbs_130_bbs_tiexue_net.py,中国经济网,ce.cn,http://www.ce.cn/
_bbs_131_www_chcj_com.py,创幻财经,www.chcj.com,http://www.chcj.com/portal.php
_bbs_132_bbs_58che_com.py,58车论坛,bbs.58che.com,http://bbs.58che.com
_bbs_133_bbs_tiexue_net.py,成都市人民政府网络理政平台,chengdu.gov.cn,http://12345.chengdu.gov.cn
_bbs_134_www_chengshiluntan_com.py,城市论坛,www.chengshiluntan.com,https://www.chengshiluntan.com/
_bbs_135_bbs_tiexue_net.py,车神榜车友论坛,cheshen.cn,http://www.cheshen.cn/
_bbs_136_www_chinaunix_net.py,unix技术网,www.chinaunix.net,http://www.chinaunix.net/
_bbs_137_bbs_tiexue_net.py,营口论坛,chinayk.com,http://www.chinayk.com/
_bbs_138_www_chiphell_com.py,chiphell论坛,www.chiphell.com,https://www.chiphell.com/
_bbs_139_bbs_0550_com.py,E滁州,bbs.0550.com,http://bbs.0550.com/
_bbs_13_bbs_cnmo_com.py,手机中国论坛,bbs.cnmo.com,http://bbs.cnmo.com/
_bbs_140_bbs_tiexue_net.py,育儿网论坛,ci123.com,http://bbs.ci123.com/
_bbs_141_www_cili_ccoo_cn.py,慈利之窗,www.cili.ccoo.cn,http://www.cili.ccoo.cn/
_bbs_142_club_autohome_com_cn.py,汽车之家论坛,club.autohome.com.cn,https://club.autohome.com.cn/
_bbs_143_club_whinfo_net.py,威海社区,club.whinfo.net,https://club.whinfo.net/
_bbs_144_www_cmiw_cn.py,中国机械社区,www.cmiw.cn,http://www.cmiw.cn/
_bbs_145_www_cn0556_com.py,安庆论坛,www.cn0556.com,http://www.cn0556.com/
_bbs_146_bbs_tiexue_net.py,中金在线论坛,cnfol.com,http://www.cnfol.com/
_bbs_147_bbs_tiexue_net.py,互动易,cninfo.com.cn,http://irm.cninfo.com.cn/
_bbs_148_www_cnlaw_net.py,中国法网,www.cnlaw.net,http://www.cnlaw.net/
_bbs_149_bbs_tiexue_net.py,网贷聚焦论坛,cnwdjj.com,http://www.cnwdjj.com/forum.php/
_bbs_14_forum_51nb_com.py,专门网论坛,forum.51nb.com,https://forum.51nb.com/forum.php
_bbs_150_bbs_tiexue_net.py,徐州论坛,cnxz.com.cn,http://bbs.cnxz.com.cn/bbs/
_bbs_151_www_cqmama_net.py,重庆妈妈论坛,www.cqmama.net,http://www.cqmama.net/forum.html
_bbs_152_bbs_tiexue_net.py,重庆网络问政平台,cqnews.net,http://cqwz.cqnews.net/
_bbs_153_www_cqtn_cn.py,潼南论坛,www.cqtn.cn,http://www.cqtn.cn/
_bbs_154_bbs_51credit_com.py,我爱卡论坛,bbs.51credit.com,https://bbs.51credit.com/
_bbs_155_bbs_creditcard_com_cn.py,信用卡之窗论坛,bbs.creditcard.com.cn,https://bbs.creditcard.com.cn/
_bbs_156_bbs_crt_com_cn.py,红色论坛,bbs.crt.com.cn,http://bbs.crt.com.cn/
_bbs_157_bbs_tiexue_net.py,中证网论坛,cs.com.cn,http://www.cs.com.cn/
_bbs_158_bbs_tiexue_net.py,长汀论坛,ctw.cn,http://bbs.ctw.cn/index.php/
_bbs_159_bbs_cv2000_cn.py,商用车界社区,bbs.cv2000.cn,http://bbs.cv2000.cn/
_bbs_15_bbs_pcbeta_com.py,远景论坛,bbs.pcbeta.com,http://bbs.pcbeta.com/
_bbs_160_c_chinamsr_com.py,医药论坛,c.chinamsr.com,http://c.chinamsr.com/
_bbs_161_www_dacankao_com.py,MACD股票论坛,www.dacankao.com,http://www.dacankao.com/
_bbs_162_bbs_tiexue_net.py,大河论坛,dahe.cn,http://bbs.dahe.cn/
_bbs_163_www_dqsq_net.py,大千社区,dqsq.net,http://www.dqsq.net/forum.php?mod=forumdisplay&fid=125
_bbs_164_www_0739bbs_com.py,邵阳论坛,www.0739bbs.com,http://www.0739bbs.com/
_bbs_165_www_daxingren_com.py,大兴人,daxingren.com,http://www.daxingren.com/
_bbs_166_www_ditiezu_com.py,地铁族,ditiezu.com,http://www.ditiezu.com/
_bbs_167_bbs_tiexue_net.py,东快论坛,dnkb.com.cn,http://bbs.dnkb.com.cn/
_bbs_168_bbs_thmz_com.py,东林书院,bbs.thmz.com,http://bbs.thmz.com/forum-247-1.html
_bbs_169_www_douban_com.py,豆瓣网,www.douban.com,https://www.douban.com/group/explore
_bbs_16_www_cnr_cn.py,央广社区,bbs.cnr.cn,http://www.cnr.cn/
_bbs_170_www_douban_com.py,豆瓣网,www.douban.com,https://www.douban.com/group/explore
_bbs_171_bbs_tiexue_net.py,地球城网络社区,dq3c.net,http://www.dq3c.net/
_bbs_172_bbs_dt123_net.py,东台人论坛,bbs.dt123.net,https://bbs.dt123.net
_bbs_173_www_dtdt_cn.py,当涂网,www.dtdt.cn,http://www.dtdt.cn/
_bbs_174_bbs_tiexue_net.py,贷出去多赚论坛,duozhuan.cn,https://www.duozhuan.cn/Forum/
_bbs_175_bbs_tiexue_net.py,丁香园论坛,dxy.cn,http://www.dxy.cn/bbs/
_bbs_176_guba_eastmoney_com.py,东方财富网论坛,eastmoney.com,"http://guba.eastmoney.com/list,600518.html"
_bbs_177_bbs_tiexue_net.py,鹅江在线,ej01.com,http://www.ej01.com/
_bbs_178_www_110_com.py,110法律咨询,www.110.com,http://www.110.com/
_bbs_179_bbs_tiexue_net.py,搜房网论坛,fang.com,https://bbs.fang.com/
_bbs_17_www_mycar168_com.py,汽车大世界,mycar168.com.cn,http://www.mycar168.com/
_bbs_180_bbs_tiexue_net.py,防城港天天网论坛,fcgtt.com,https://www.fcgtt.com/tieba/
_bbs_181_bbs_fengniao_com.py,蜂鸟网,bbs.fengniao.com,http://bbs.fengniao.com/
_bbs_182_bbs_221700_com.py,丰县论坛,bbs.221700.com,http://bbs.221700.com/
_bbs_183_bbs_52fx_cn.py,奉贤部落,bbs.52fx.cn,http://bbs.52fx.cn/forum-225-1.html
_bbs_184_bbs_tiexue_net.py,京华论坛,feng.com,https://bbs.feng.com/
_bbs_185_www_find800_cn.py,方得网卡车论坛,www.find800.cn,http://www.find800.cn/
_bbs_186_bbs_tiexue_net.py,涪风论坛,fuling.com,http://bbs.fuling.com/
_bbs_187_guba_eastmoney_com.py,东方财富网基金吧,guba.eastmoney.com,http://guba.eastmoney.com/jj.html
_bbs_188_www_fx678_com.py,汇通论坛,www.fx678.com,https://www.fx678.com/
_bbs_189_bbs_9game_cn.py,手机游戏论坛,www.9game.cn,http://bbs.9game.cn/
_bbs_18_bbs_0554cc_cn.py,查查网论坛,bbs.0554cc.cn,http://bbs.0554cc.cn/forum.php
_bbs_190_www_05188_com.py,港城网,www.05188.com,http://www.05188.com/
_bbs_191_bbs_52life_cc.py,南汇生活网论坛,bbs.52life.cc,http://bbs.52life.cc/
_bbs_192_bbs_gkong_com.py,工控论坛,bbs.gkong.com,http://bbs.gkong.com/
_bbs_193_www_0731go_cn.py,长沙网,www.0731go.cn,http://www.0731go.cn/
_bbs_194_bbs_tiexue_net.py,金鹰论坛,goodee.cn,http://bbs.goodee.cn/
_bbs_195_bbs_tiexue_net.py,寄托天下,gter.net,http://bbs.gter.net/
_bbs_196_bbs_tiexue_net.py,固安在线,guan.ccoo.cn,http://www.guan.ccoo.cn/
_bbs_197_guba_eastmoney_com.py,东方财富网股吧,guba.eastmoney.com,http://guba.eastmoney.com/
_bbs_198_guba_sina_com_cn.py,新浪财经股吧,guba.sina.com.cn,http://guba.sina.com.cn/?s=bar&name=sz002064
_bbs_199_bbs_tiexue_net.py,姑苏论坛,gusuwang.com,http://www.gusuwang.com/
_bbs_19_www_0574bbs_com.py,余姚论坛,bbs.hangzhou.com,http://www.0574bbs.com/
_bbs_1_www_ahbb_cc.py,蚌埠论坛,www.ahbb.cc,http://www.ahbb.cc/bbs/forum.php
_bbs_200_bbs_tiexue_net.py,百色视窗,gxbs.net,http://www.gxbs.net/
_bbs_201_www_gzmama_com.py,广州妈妈网论坛,gzmama.com,http://www.gzmama.com/forum.html
_bbs_202_group_haodou_com.py,好豆网,group.haodou.com,http://group.haodou.com/
_bbs_203_bbs_tiexue_net.py,好口子网,haokouzi.com,http://www.haokouzi.com/
_bbs_204_bbs_tiexue_net.py,哈尔滨市人民政府,qianlong.com/,http://bbs.qianlong.com/
_bbs_205_bbs_hcbbs_com.py,海川化工论坛,bbs.hcbbs.com,https://bbs.hcbbs.com/
_bbs_206_bbs_hcwang_cn.py,河池论坛,bbs.hcwang.cn,http://bbs.hcwang.cn/
_bbs_207_bbs_tiexue_net.py,河南一百度网论坛,henan100.com,http://www.henan100.com/
_bbs_208_www_hepan_com.py,蓝色河畔,hepan.com,http://www.hepan.com/
_bbs_209_www_heshan_ccoo_cn.py,鹤山在线,www.heshan.ccoo.cn,http://www.heshan.ccoo.cn/
_bbs_20_www_0575bbs_com.py,上虞论坛,bbs.0575bbs.com,http://www.0575bbs.com/
_bbs_210_bbs_168hs_com.py,黄山论坛,bbs.168hs.com,http://bbs.168hs.com/
_bbs_211_bbs_tiexue_net.py,华商论坛,hsw.cn,http://bbs.hsw.cn/
_bbs_212_bbs_hb163_cn.py,淮北人论坛,bbs.hb163.cn,http://bbs.hb163.cn/forum-266-1.html
_bbs_213_bbs_huaiyang_gov_cn.py,淮阳论坛,bbs.huaiyang.gov.cn,http://bbs.huaiyang.gov.cn/
_bbs_214_bbs_huaiyangnews_com.py,淮阳新网,bbs.huaiyangnews.com,http://bbs.huaiyangnews.com/
_bbs_215_bbs_dongyingnews_cn.py,黄河口论坛,bbs.dongyingnews.cn,http://bbs.dongyingnews.cn/forum-108-1.html
_bbs_216_hui_cn357_com.py,商车汇,hui.cn357,https://hui.cn357.com/
_bbs_217_bbs_hupu_com.py,虎扑体育,bbs.hupu.com,https://bbs.hupu.com/
_bbs_218_www_hupub_com.py,北京论坛,hupub.com,http://www.hupub.com/
_bbs_219_bbs_tiexue_net.py,宝宝地带,ibabyzone.cn,http://bbs.ibabyzone.cn/
_bbs_21_www_0576qq_com.py,黄岩港论坛,bbs.0576qq.com,http://www.0576qq.com/
_bbs_220_istock_jrj_com_cn.py,金融界爱股吧,istock.jrj.com.cn,http://istock.jrj.com.cn/
_bbs_221_itbbs_pconline_com_cn.py,太平洋电脑网DIY论坛,itbbs.pconline.com.cn,https://itbbs.pconline.com.cn/
_bbs_222_bbs_itools_cn.py,ITools,bbs.itools.cn/portal.php,http://bbs.itools.cn/portal.php
_bbs_223_www_ixian_cn.py,荣耀西安,www.ixian.cn,https://www.ixian.cn/
_bbs_224_www_jdbbs_com.py,家电论坛,www.jdbbs.com,https://www.jdbbs.com
_bbs_225_www_jdxc_sh_cn.py,嘉定新城网,www.jdxc.sh.cn,https://www.jdxc.sh.cn/
_bbs_226_bbs_jysq_net.py,江阴论坛,bbs.jysq.net,http://bbs.jysq.net/forum-197-1.html
_bbs_227_www_sc518_com.py,江油论坛,sc518.com,https://www.sc518.com/forum-36-1.html
_bbs_228_bbs_tiexue_net.py,借易得,jieyide.cn,https://www.jieyide.cn/
_bbs_229_www_jinbifun_com.py,城市论坛,www.jinbifun.com,http://www.jinbifun.com/
_bbs_22_bbs_0663_net.py,星空论坛,bbs.0663.net,https://bbs.0663.net/
_bbs_230_bbs_tiexue_net.py,九江论坛,jjxw.cn,http://bbs.jjxw.cn/forum.php/
_bbs_231_junzhuan_com.py,军转网论坛,junzhuan.com,http://junzhuan.com/forum-147-1.html
_bbs_232_bbs_tiexue_net.py,卡贷客,kadaike.com,https://www.kadaike.com/
_bbs_233_bbs_tiexue_net.py,卡课堂,kaketang.com,https://www.kaketang.com/
_bbs_234_bbs_tiexue_net.py,卡农社区,51kanong.com,https://www.51kanong.com/
_bbs_235_bbs_tiexue_net.py,卡神吧,kashen8.com,https://www.kashen8.com/forum.php/
_bbs_236_bbs_tiexue_net.py,卡神天下,kashensky.com,http://www.kashensky.com/
_bbs_237_bbs_tiexue_net.py,凯迪社区,kdnet.net,http://club.kdnet.net/
_bbs_238_www_la-bbs_net.py,六安论坛,la-bbs.net,http://www.la-bbs.net/forum.php
_bbs_239_www_laixi_com.py,莱西信息港,www.laixi.com,http://www.laixi.com/
_bbs_23_www_0751_cc.py,韶关生活网论坛,0751.cc,http://www.0751.cc/
_bbs_240_bbs_tiexue_net.py,辣妈帮,lamabang.com,http://www.lamabang.com/
_bbs_241_bbs_langya_cn.py,临沂社区,bbs.langya.cn,https://bbs.langya.cn
_bbs_242_bbs_tiexue_net.py,法制论坛,legaldaily.com.cn,http://bbs.legaldaily.com.cn/
_bbs_243_bbs_tiexue_net.py,ZUK社区,lenovo.com.cn,https://club.lenovo.com.cn/
_bbs_244_bbs_21yq_com.py,乐清城市网,bbs.21yq.com,http://bbs.21yq.com/forum-188-1.html
_bbs_245_bbs_leshan_cn.py,乐山信息网论坛,bbs.leshan.cn,http://bbs.leshan.cn/forum.php?mod=forumdisplay&fid=90
_bbs_246_bbs_tiexue_net.py,民生在线,010lf.com,https://www.010lf.com/system/ms/
_bbs_247_www_liba_com.py,篱笆网论坛,liba.com,https://www.liba.com/
_bbs_248_bbs_360che_com.py,卡车之家论坛,bbs.360che.com,https://bbs.360che.com
_bbs_249_www_longchang_ccoo_cn.py,隆昌论坛,longchang.ccoo.cn,http://www.longchang.ccoo.cn/forum/
_bbs_24_bbs_076299_com.py,河源论坛,bbs.076299.com,http://bbs.076299.com/
_bbs_250_lt_cjdby_net.py,超级大本营军事论坛,lt.cjdby.net,https://lt.cjdby.net/
_bbs_251_www_masok_cn.py,马鞍山OK论坛,masok.cn,http://www.masok.cn/forum-322-1.html
_bbs_252_bbs_macd_cn.py,MACD股票论坛,bbs.macd.cn,https://bbs.macd.cn/
_bbs_253_www_1m3d_com.py,锦州新闻网,1m3d.com,http://www.1m3d.com/
_bbs_254_www_mdmmm_com.py,大茂名网,www.mdmmm.com,http://www.mdmmm.com/
_bbs_255_www_md-zw_com.py,缅甸中文论坛,www.md-zw.com,http://www.md-zw.com/forum.php
_bbs_256_bbs_mczx_cn.py,蒙城在线,bbs.mczx.cn,https://bbs.mczx.cn/forum-87-1.html
_bbs_257_bbs_xishu365_com.py,绵阳论坛,bbs.xishu365.com,http://bbs.xishu365.com/forum-202-1.html
_bbs_258_bbs_tiexue_net.py,晨星论坛网,morningstar.com,http://cn.morningstar.com/
_bbs_259_www_223600_com.py,沐阳在线综合门户,www.223600.com,http://www.223600.com/
_bbs_25_www_16789_com_cn.py,黑龙江都市生活网,bbs.16789.com,http://www.16789.com.cn/
_bbs_260_bbs_tiexue_net.py,拇指玩论坛,muzhiwan.com,https://www.muzhiwan.com/
_bbs_261_www_mzsky_cc.py,梅州时空,mzsky.cc,http://www.mzsky.cc/
_bbs_262_ncu_myubbs_com.py,南昌大学中正论坛,ncu.myubbs.com,http://ncu.myubbs.com/
_bbs_263_www_njd1_com.py,内江第一城论坛,njd1.com,http://www.njd1.com/forum-187-1.html
_bbs_264_bbs_0758net_com.py,四会家园,bbs.0758net.com,http://bbs.0758net.com/
_bbs_265_www_newft_com.py,新丰台论坛,newft.com,http://www.newft.com/forum.php
_bbs_266_www_douban_com.py,豆瓣网,www.douban.com,https://www.douban.com/group/explore
_bbs_267_bbs_tiexue_net.py,NGA.CN,nga.cn,https://bbs.nga.cn/
_bbs_268_www_ngbbs_cn.py,宁国论坛,www.ngbbs.cn,https://www.ngbbs.cn/
_bbs_269_www_nihaoanhui_cn.py,你好安徽,www.nihaoanhui.cn,http://www.nihaoanhui.cn/forum.php
_bbs_26_bbs_25dx_com.py,爱我大兴社区,bbs.25dx.com,http://bbs.25dx.com/forum.php
_bbs_270_forums_nphoto_net.py,新摄影,forums.nphoto.net,http://forums.nphoto.net/
_bbs_271_www_nt_cc.py,南通热线,www.nt.cc,https://www.nt.cc
_bbs_272_www_onefx_net.py,汇客论坛,www.onefx.net,http://www.onefx.net
_bbs_273_bbs_tiexue_net.py,蒲公英,ouryao.com,https://www.ouryao.com/forum.php/
_bbs_274_www_peizibuluo_com.py,配资部落,www.peizibuluo.com,http://www.peizibuluo.com/
_bbs_275_bbs_ph66_com.py,平湖在线,bbs.ph66.com,http://bbs.ph66.com/
_bbs_276_bbs_tiexue_net.py,中国苹果网,pingguo7.com,http://bbs.pingguo7.com/
_bbs_277_www_wzpy_com.py,平阳第一社区,wzpy.com,http://www.wzpy.com/forum.php?mod=forumdisplay&fid=27
_bbs_278_bbs_tiexue_net.py,玩卡网,plycd.com,http://www.plycd.com/
_bbs_279_bbs_p2p001_cn.py,第一网贷,bbs.p2p001.cn/forum.php,http://bbs.p2p001.cn/forum.php
_bbs_27_www_39_net.py,39健康论坛,39.net,http://www.39.net/
_bbs_280_bbs_pc186_com.py,浦城论坛,bbs.pc186.com,http://bbs.pc186.com/forum-25-1.html
_bbs_281_bbs_tiexue_net.py,京华论坛,qianlong.com,http://bbs.qianlong.com/
_bbs_282_bbs_qidong_gov_cn.py,启吾东疆,bbs.qidong.gov.cn,http://bbs.qidong.gov.cn/forum.php
_bbs_283_www_qiyeku_cc.py,网贷库,www.qiyeku.cc,http://www.qiyeku.cc/forum/forum.php
_bbs_284_q_mama_cn.py,妈妈网,q.mama.cn,http://q.mama.cn/
_bbs_285_www_jingcity_com.py,人在北京论坛,jingcity.com,http://www.jingcity.com/bbs/forum-12-1.html
_bbs_286_bbs_tiexue_net.py,中国保险网论坛,rmic.cn,http://www.rmic.cn/bbs/
_bbs_287_bbs_tiexue_net.py,刷机大师论坛,romjd.com,http://www.romjd.com/
_bbs_288_bbs_ruian_com.py,瑞安论坛,bbs.ruian.com,http://bbs.ruian.com/forum-172-1.html
_bbs_289_bbs_360_cn.py,306社区,bbs.360.cn,https://bbs.360.cn
_bbs_28_www_itheat_com.py,52硬件论坛,itheat.com,http://www.itheat.com/activity/forum.php?_refer=52hardware
_bbs_290_www_qz828_com.py,三衢论坛,news.qz828.com,http://www.qz828.com/njb/
_bbs_291_bbs_tiexue_net.py,天府社区,scol.com.cn,https://bbs.scol.com.cn/
_bbs_292_www_sd001_com.py,山东001在线,www.sd001.com,http://www.sd001.com/
_bbs_293_bbs_sddp_net.py,东平论坛,bbs.sddp.net,http://bbs.sddp.net/
_bbs_294_bbs_tiexue_net.py,精品网论坛,sg.com.cn,http://www.sg.com.cn/news.htm
_bbs_295_bbs_sh021_cc.py,上海论坛,bbs.sh021.cc,http://bbs.sh021.cc
_bbs_296_bbs_shafa_com.py,沙发论坛,bbs.shafa.com,http://bbs.shafa.com/forum.php
_bbs_297_shanghai_metrofans_cn.py,上海地铁论坛,shanghai.metrofans.cn,http://shanghai.metrofans.cn/
_bbs_298_bbs_tiexue_net.py,手机乐园论坛,shouji.com.cn,https://www.shouji.com.cn/
_bbs_299_www_singse_com.py,汇声汇色,www.singse.com,http://www.singse.com/
_bbs_29_bbs_52life_cc.py,南汇生活网论坛,bbs.52life.cc,http://bbs.52life.cc/
_bbs_2_www_aibaimm_com.py,爱败妈妈,www.aibaimm.com,http://www.aibaimm.com
_bbs_300_bbs_0434_cc.py,四平新风采,bbs.0434.cc,http://bbs.0434.cc/forum-28-1.html
_bbs_301_www_st001_com.py,e京网,www.st001.com,http://www.st001.com/
_bbs_302_bbs_tiexue_net.py,阳光社区,sun0769.com,http://bbs.sun0769.com/
_bbs_303_www_suqian_cn.py,宿迁12345,www.suqian.com,http://bbs.suqian.cn/forum.php?mod=forumdisplay&fid=43
_bbs_304_www_susongbbs_com.py,宿松论坛,www.susongbbs.com,http://www.susongbbs.com/
_bbs_305_bbs_tiexue_net.py,苏州阳光便民网论坛,suzhou.gov.cn,http://www.12345.suzhou.gov.cn/bbs/
_bbs_306_www_swsm_net.py,汕尾市民网论坛,swsm.net,http://www.swsm.net/forum.php
_bbs_307_bbs_syuan_net.py,声远论坛,bbs.syuan.net,https://bbs.syuan.net
_bbs_308_bbs_tiexue_net.py,沈阳在线论坛,sy.ccoo.cn,http://www.sy.ccoo.cn/forum/
_bbs_309_www_szmama_com.py,深圳妈妈网论坛,szmama.com,http://www.szmama.com/forum.html
_bbs_30_bbs_55bbs_com.py,我爱购物网论坛,bbs.55bbs.com,http://bbs.55bbs.com/
_bbs_310_www_taian_com.py,泰安网,www.taian.com,http://www.taian.com/
_bbs_311_bbs_ty7_cn.py,泰有趣论坛,bbs.ty7.cn,http://bbs.ty7.cn/forum-332-1.html
_bbs_312_www_tgbbs_cn.py,塘沽论坛,tgbbs.cn,https://www.tgbbs.cn/thread/27
_bbs_313_www_taoguba_com_cn.py,淘股吧论坛,taoguba.com.cn,https://www.taoguba.com.cn/
_bbs_314_www_tiboo_cn.py,水煮南昌,tiboo.cn,http://www.tiboo.cn/
_bbs_315_tieba_baidu_com.py,温州吧,tieba.baidu.com,http://tieba.baidu.com/f?kw=%CE%C2%D6%DD
_bbs_316_bbs_tiexue_net.py,糖友网论坛,tnbzy.com,http://bbs.tnbzy.com/
_bbs_317_www_toplicai_cn.py,鼎级理财网,www.toplicai.cn,http://www.toplicai.cn/shequ.html
_bbs_318_tousu_hebnews_cn.py,河北新闻网-阳光理政,tousu.hebnews.cn,http://tousu.hebnews.cn/
_bbs_319_www_ttwdai_com.py,天天网贷,www.ttwdai.com,http://www.ttwdai.com/
_bbs_31_bbs_5iyq_com.py,乐清上班族论坛,bbs.5iyq.com,http://bbs.5iyq.com/forum.php
_bbs_320_bbs_tiexue_net.py,天津论坛,ttztt.com,http://www.ttztt.com/
_bbs_321_www_tvapk_net.py,电视家网,www.tvapk.net,http://www.tvapk.net/forum.php
_bbs_322_www_txrjy_com.py,通信人家园论坛,txrjy.com,http://www.txrjy.com/forum.php
_bbs_323_www_tzbbs_com_cn.py,滕州论坛,www.tzbbs.com,http://www.tzbbs.com.cn/
_bbs_324_bbs_tiexue_net.py,友盟论坛,umeng.com,https://www.umeng.com/
_bbs_325_bbs_tiexue_net.py,成都向上,upchengdu.com,http://www.upchengdu.com/
_bbs_326_bbs_tiexue_net.py,360游戏,u.360.cn,http://bbs.u.360.cn/
_bbs_327_bbs_tiexue_net.py,网贷金,wangdaijin.com,https://www.wangdaijin.com/
_bbs_328_www_wangdaisj_com.py,网贷审计,wangdaisj.com,http://www.wangdaisj.com/
_bbs_329_bbs_tiexue_net.py,网贷天地论坛,wangdaitiandi.com,http://bbs.wangdaitiandi.com/GroupV3
_bbs_32_bbs_703804_com.py,柒零叁论坛,bbs.703804.com,http://bbs.703804.com/
_bbs_330_www_wangdaiyujing_com.py,网贷预警网,wangdaiyujing.com,http://www.wangdaiyujing.com/
_bbs_331_www_watchstore_com_cn.py,名表论坛,watchstore.com,http://www.watchstore.com.cn/forum-1-1.html
_bbs_332_bbs_tiexue_net.py,腕表时代论坛,watchtimes.com.cn,http://www.watchtimes.com.cn
_bbs_333_bbs_workercn_cn.py,中工网论坛,bbs.workercn.cn,http://bbs.workercn.cn/
_bbs_334_www_wpcnet_cn.py,宛平城生活网论坛,wpcnet.cn,http://www.wpcnet.cn/forum.php
_bbs_335_www_dierkezhan_com.py,第二客栈论坛,www.dierkezhan.com,http://www.dierkezhan.com/forum.php
_bbs_336_www_ltaaa_com.py,龙腾网论坛,www.ltaaa.com,http://www.ltaaa.com/bbs/
_bbs_337_www_yizlife_com.py,亦庄生活网,yizlife.com,http://www.yizlife.com/
_bbs_338_www_wxmama_com.py,无锡幸福树,www.wxmama.com,http://www.wxmama.com/portal.php
_bbs_339_www_wzdy_cn.py,温州冬泳会论坛,wzdy.cn,http://www.wzdy.cn/bbs/forum.php
_bbs_33_bbs_8264_com.py,驴友论坛,bbs.8264.com,http://bbs.8264.com/
_bbs_340_www_xabbs_com.py,西安论坛,www.xabbs.com,http://www.xabbs.com/
_bbs_341_www_xamama_net.py,西安妈妈,www.xamama.net,http://www.xamama.net/
_bbs_342_bbs_xbiao_com.py,腕表之家论坛,www.bbs.xbiao.com,http://bbs.xbiao.com
_bbs_343_www_x3cn_com.py,香山网,www.x3cn.com,http://www.x3cn.com/
_bbs_344_www_xghylt_com.py,孝感槐荫论坛,xghylt.com,http://www.xghylt.com/forum.php
_bbs_345_bbs_tiexue_net.py,XGIMI,xgimi.cn/,http://bbs.xgimi.cn/
_bbs_346_www_xiaomayi_net.py,泸州小蚂蚁,www.xiaomayi.net,https://www.xiaomayi.net/tieba_a2258_b0_c0_d0_e0_f0_g0_h0_i0_p1.html/
_bbs_347_bbs_tiexue_net.py,西陆网论坛,xilu.com,http://www.xilu.com/
_bbs_348_www_xjjbbs_com.py,新靖江论坛,xjjbbs.com,http://www.xjjbbs.com/forum-354-1.html
_bbs_349_www_newuxi_com.py,新区家园,newuxi.com,http://www.newuxi.com/forum-29-1.html
_bbs_34_bbs_anhuinews_com.py,中安论坛,bbs.anhuinews.com,http://bbs.anhuinews.com/
_bbs_350_www_xinyubt_com.py,新余本土网论坛,xinyubt.com,http://www.xinyubt.com/
_bbs_351_club_xinzuojia_com.py,新座驾社区,club.xinzuojia.com,http://club.xinzuojia.com/
_bbs_352_bbs_zg163_net.py,西秦会馆,bbs.zg163.net,https://bbs.zg163.net/forum-12-1.html
_bbs_353_bbs_xizi_com.py,西子论坛,bbs.xizi.com,http://bbs.xizi.com/forum-1-1.html
_bbs_354_bbs_tiexue_net.py,宣城论坛,xuancheng.org,http://www.xuancheng.org/
_bbs_355_bbs_tiexue_net.py,盱眙论坛,xuyi365.net,http://www.xuyi365.net/
_bbs_356_www_xzkz_com.py,快哉网,www.xzkz.com,http://www.xzkz.com/
_bbs_357_www_y2_cn.py,外汇论坛,www.y2.cn,http://www.y2.cn/
_bbs_358_bbs_ybvv_com.py,宜宾零距离,bbs.ybvv.com,http://bbs.ybvv.com/forum-204-1.html
_bbs_359_www_yiqipao_com.py,一起跑,yiqipao.com,http://www.yiqipao.com/
_bbs_35_club_bandao_cn.py,半岛社区,club.bandao.cn,http://club.bandao.cn/
_bbs_360_bbs_tiexue_net.py,小贷社,youkabus.com,https://www.youkabus.com/forum.php
_bbs_361_bbs_tiexue_net.py,三九养生堂,39yst.com,http://www.39yst.com/
_bbs_362_bbs_yulindayday_com.py,玉林天天网,bbs.yulindayday.com,http://bbs.yulindayday.com/
_bbs_363_bbs_ylyl_net.py,玉林论坛,bbs.ylyl.net,http://bbs.ylyl.net/forum-328-1.html
_bbs_364_www_zc173_com.py,增城家园,www.zc173.com,http://www.zc173.com/
_bbs_365_bbs_zhoushan_cn.py,舟山论坛,bbs.zhoushan.cn,http://bbs.zhoushan.cn/forum-157-1.html
_bbs_366_www_80018_cn.py,装修点评网,www.80018.cn,http://www.80018.cn/
_bbs_367_bbs_ziling_com.py,子陵论坛,bbs.ziling.com,http://bbs.ziling.com/forum-78-1.html
_bbs_368_bbs_zjchina_cc.py,浙江论坛,bbs.zjchina.com,https://bbs.zjchina.cc/forum.php?mod=guide&view=newthread
_bbs_369_bbs_tiexue_net.py,综投网论坛,zt5.com,http://www.zt5.com/
_bbs_36_bbs_bato_cn.py,八通网,bbs.bato.cn,http://bbs.bato.cn/
_bbs_370_www_zzz4_com.py,株洲在线,www.zzz4.com,http://www.zzz4.com/
_bbs_371_www_07908_com.py,新余论坛,07908.com,http://www.07908.com/forum.php
_bbs_372_www_120x_net.py,知艾家园-艾滋论坛,120x.net,http://www.120x.net/
_bbs_373_www_chefans_com.py,车迷之家论坛,chefans.com,http://www.chefans.com/news
_bbs_374_www_hepan_com.py,汕头论坛,hepan.com,https://www.hepan.com/
_bbs_375_bbs_0577cnw_com.py,苍南论坛,0577cnw.com,http://bbs.0577cnw.com/
_bbs_376_news_ts_cn.py,天山论坛,news.ts.cn,http://news.ts.cn/ty/index.shtml
_bbs_377_www_19zu_com.py,19组成都摄影论坛,19zu.com,http://www.19zu.com/forum.php
_bbs_378_bbs_dzwww_com.py,大众论坛,bbs.dzwww.com,http://bbs.dzwww.com/
_bbs_379_bbs_cnbim_com.py,BIM中国网论坛,bbs.cnbim.com,http://bbs.cnbim.com
_bbs_37_bbs_bingchengwang_com.py,冰城网,bbs.bingchengwang.com,http://bbs.bingchengwang.com/forum.php
_bbs_380_www_xichengwang_com.py,无锡论坛,xichengwang.com,https://www.xichengwang.com/tieba/
_bbs_381_www_dayi_ccoo_cn.py,大邑论坛,dayi.ccoo.cn,http://www.dayi.ccoo.cn/forum/
_bbs_382_pingwu_mala_cn.py,平武论坛,pingwu.mala.cn,https://pingwu.mala.cn/
_bbs_383_www_zgqcjyw_roboo_com.py,中国汽车交易网,zgqcjyw.roboo.com,http://www.zgqcjyw.roboo.com/
_bbs_384_bbs_jgsdaily_com.py,吉安门户论坛,bbs.jgsdaily.com,https://bbs.jgsdaily.com/forum.php?mod=forumdisplay&fid=55
_bbs_385_bbs_zhong5_cn.py,中吴论坛,bbs.zhong5.cn,http://bbs.zhong5.cn/
_bbs_386_focus_tianya_cn.py,天涯社区,focus.tianya.cn,http://focus.tianya.cn/
_bbs_387_bbs_fzbm_com.py,福建第一社区,bbs.fzbm.com,http://bbs.fzbm.com/
_bbs_388_bbs_huainet_com.py,淮安论坛,bbs.huainet.com,http://bbs.huainet.com/
_bbs_389_bbs_scol_com_cn.py,绵阳论坛,bbs.scol.com.cn,https://bbs.scol.com.cn/forum-787-1.html
_bbs_38_bbs_bozhong_com.py,播种网论坛,bbs.bozhong.com,https://bbs.bozhong.com/
_bbs_390_bbs_yawin_cn.py,永安论坛,bbs.yawin.cn,http://bbs.yawin.cn/
_bbs_391_www_cdrhw_com.py,承德论坛,cdrhw.com,http://www.cdrhw.com/forum.php
_bbs_392_bbs_pcauto_com_cn.py,安徽汽车网论坛,bbs.pcauto.com.cn,https://bbs.pcauto.com.cn/forum-16330.html
_bbs_393_www_my0577_com.py,瓯北论坛,my0577.com,http://www.my0577.com/forum.php
_bbs_394_www_mala_cn.py,威远论坛,mala.cn,https://www.mala.cn/forum-175-1.html
_bbs_395_www_tianduweb_com.py,天都论坛,tianduweb.com,http://www.tianduweb.com/
_bbs_396_www_6squan_com.py,柳市论坛,6squan.com,https://www.6squan.com/forum.php
_bbs_397_bbs_tianya_cn.py,沈阳论坛,tianya.cn,http://bbs.tianya.cn/list-256-1.shtml
_bbs_398_bbs_cpnn_com_cn.py,中国电力社区,bbs.cpnn.com.cn,http://bbs.cpnn.com.cn/forum.php?mod=forumdisplay&fid=44
_bbs_399_www_4c_cn.py,第四城社区,4c.cn,http://www.4c.cn/index.php
_bbs_39_bbs_changsha_cn.py,星辰社区,bbs.changsha.com,http://bbs.changsha.cn
_bbs_3_www_akltw_com.py,安康论坛,www.akltw.com,https://www.akltw.com
_bbs_400_bbs_wuhunews_cn.py,芜湖论坛,bbs.wuhunews.cn,http://bbs.wuhunews.cn/
_bbs_401_www_my510_com.py,胡杨林社区,my510.com,http://www.my510.com/
_bbs_402_www_my510_com.py,胡杨林社区,my510.com,http://www.my510.com/
_bbs_403_0431_daaolai_com.py,长春论坛,0431.daaolai.com,http://0431.daaolai.com/wb50
_bbs_404_www_521000_com.py,小桥网,521000.com,http://www.521000.com/
_bbs_405_www_52ch_net.py,吃喝玩乐网论坛,52ch.net,http://www.52ch.net/forum.php
_bbs_406_bbs_cnhubei_com.py,鄂州论坛,bbs.cnhubei.com,http://bbs.cnhubei.com/forum-229-1.html
_bbs_407_news_pxnews_cn.py,中国萍乡网论坛,news.pxnews.cn,http://news.pxnews.cn/column/3.html
_bbs_408_www_55188_com.py,理想财富,55188.com,https://www.55188.com/
_bbs_409_bbs_pcauto_com_cn.py,金鹰汽车论坛,bbs.pcauto.com.cn,https://bbs.pcauto.com.cn/forum-17827.html
_bbs_40_bbs_cheshi_com.py,网上车市论坛,bbs.cheshi.com,http://bbs.cheshi.com/1/
_bbs_410_bbs_cnmo_com.py,HIKe论坛,cnmo.com,http://bbs.cnmo.com/forum-1758-1.html
_bbs_411_www_xmfish_com.py,厦门小鱼社区,xmfish.com,http://www.xmfish.com/
_bbs_412_td_gxbs_net.py,右江论坛,td.gxbs.net,http://td.gxbs.net/
_bbs_413_bbs_703804_com.py,温商社区,bbs.703804.com,http://bbs.703804.com/forum-976-1.html
_bbs_414_www_chengde_ccoo_cn.py,承德在线,chengde.ccoo.cn,http://www.chengde.ccoo.cn/forum/
_bbs_415_www_laibin_cc.py,合山论坛,laibin.cc,https://www.laibin.cc/forum.php?mod=forumdisplay&fid=11&filter=author&orderby=dateline
_bbs_416_bbs_25yz_com.py,宜州论坛,bbs.25yz.com,http://bbs.25yz.com/forum-24-1.html
_bbs_417_dy_mala_cn.py,德阳在线论坛,dy.mala.cn,https://dy.mala.cn/
_bbs_418_www_hupub_com.py,北京论坛,hupub.com,http://www.hupub.com/
_bbs_419_bbs_tianya_cn.py,安徽论坛,tianya.cn,http://bbs.tianya.cn/list-78-1.shtml
_bbs_41_bbs_cjn_cn.py,长江论坛,bbs.cjn.cn,http://bbs.cjn.cn/forum.php
_bbs_420_bbs_tianya_cn.py,东莞论坛,tianya.cn,http://bbs.tianya.cn/list-460-1.shtml
_bbs_421_www_kf_ccoo_cn.py,开封论坛,www.kf.ccoo.cn/forum/,http://www.kf.ccoo.cn/forum/
_bbs_422_bbs_cnmo_com.py,纽曼论坛,cnmo.com,http://bbs.cnmo.com/forum-15980-1.html
_bbs_423_www_qqhr_ccoo_cn.py,齐齐哈尔论坛,qqhr.ccoo.cn,http://www.qqhr.ccoo.cn/forum/
_bbs_424_bbs_zhzyw_com.py,中医中药论坛,bbs.zhzyw.com,https://bbs.zhzyw.com/forum-2-1.html
_bbs_425_bbs_hexun_com.py,和讯基金吧,bbs.hexun.com,http://bbs.hexun.com/
_bbs_426_bbs_ejiayu_com.py,佳域论坛,bbs.ejiayu.com,http://bbs.ejiayu.com/
_bbs_427_www_fubbs_cn.py,福建论坛,fubbs.cn,http://www.fubbs.cn/forum.php?mod=forumdisplay&fid=2
_bbs_428_hongdou_gxnews_com_cn.py,百色论坛（红豆社区）,hongdou.gxnews.com.cn,http://hongdou.gxnews.com.cn/viewforum-30.html
_bbs_429_www_aqzgh_com.py,鹏城社区,aqzgh.com,http://www.aqzgh.com/szbbs/
_bbs_42_bbs_cnhan_com.py,汉网027社区,bbs.cnhan.com,http://bbs.cnhan.com/
_bbs_430_www_sqee_cn.py,宿迁论坛,sqee.cn,http://www.sqee.cn/
_bbs_431_wdb001_com.py,网贷帮,wdb001.com,http://wdb001.com/
_bbs_432_www_shangraoluntan_com.py,上饶论坛,www.shangraoluntan.com,http://www.shangraoluntan.com/forum.php?mod=forumdisplay&fid=36&filter=author&orderby=dateline
_bbs_43_bbs_cnhubei_com.py,东湖社区,bbs.cnhubei.com,http://bbs.cnhubei.com/
_bbs_44_bbs_cnjxol_com.py,嘉兴论坛,bbs.cnjxol.com,http://bbs.cnjxol.com/index.php
_bbs_45_bbs_cnnb_com_cn.py,天一论坛,bbs.cnnb.com.cn,https://bbs.cnnb.com.cn/
_bbs_46_bbs_cnnb_com.py,新北仑论坛,bbs.cnnb.com,https://bbs.cnnb.com/forum.php
_bbs_47_bbs_cnool_net.py,东方论坛,bbs.cnool.net,https://bbs.cnool.net/
_bbs_48_www_cnstock_com.py,中国证券网论坛,cnstock.com,http://www.cnstock.com/
_bbs_49_bbs_cnyw_net.py,稠州论坛,bbs.cnyw.net,http://bbs.cnyw.net/index.php
_bbs_4_www_an68_com.py,均安乐园,www.an68.com,http://www.an68.com/
_bbs_50_www_cqdjw_com.py,垫江论坛,www.cqdjw.com,http://www.cqdjw.com/
_bbs_51_bbs_datianmen_com.py,大天门论坛,bbs.datianmen.com,http://bbs.datianmen.com/
_bbs_52_bbs_dqdaily_com.py,大庆论坛,bbs.dqdaily.com,http://bbs.dqdaily.com/index.php
_bbs_53_bbs_enjoyz_com.py,EnjoyZ足球装备,bbs.enjoyz.com,http://bbs.enjoyz.com/forum.php
_bbs_54_bbs_expreview_com.py,超能网论坛,bbs.expreview.com,https://bbs.expreview.com/
_bbs_55_bbs_fang_com.py,搜房网论坛,home.fang.com,https://bbs.fang.com/index.php?_c=Managerindex&_m=EliteList
_bbs_56_bbs_fblife_com.py,越野e族,bbs.fblife.com,http://bbs.fblife.com/forum.php
_bbs_57_bbs_focus_cn.py,搜狐焦点业主论坛,bbs.focus.cn,https://bbs.focus.cn/bj
_bbs_58_bbs_foodmate_net.py,食品论坛,bbs.foodmate.net,http://bbs.foodmate.net/forum.php
_bbs_59_www_fy22_com.py,阜阳论坛,www.fy22.com,http://www.fy22.com/
_bbs_5_bbs_zhiyoo_com.py,智友论坛,bbs.zhiyoo.com,http://bbs.zhiyoo.com/
_bbs_60_bbs_gdmm_com.py,茂名论坛,bbs.gdmm.com,https://bbs.gdmm.com/index.php
_bbs_61_bbs_gq_com_cn.py,GQ男士网论坛,bbs.gq.com.cn,http://bbs.gq.com.cn/
_bbs_62_bg_gxbs_net.py,右江论坛,bbs.gxbs.net,http://bg.gxbs.net/
_bbs_63_bbs_gxsky_com.py,时空论坛,bbs.gxsky.com,http://bbs.gxsky.com/forum.php
_bbs_64_bbs_hangzhou_com_cn.py,杭州网论坛,bbs.hangzhou.com,https://bbs.hangzhou.com.cn/
_bbs_65_bbs_haofs_com.py,网聚房山,bbs.haofs.com,http://bbs.haofs.com/
_bbs_66_bbs_harbin123_com.py,哈尔滨论坛,bbs.harbin123.com,http://bbs.harbin123.com/
_bbs_67_bbs_hebei_com_cn.py,长城论坛,bbs.hebei.com,http://bbs.hebei.com.cn/
_bbs_68_bbs_hebnews_cn.py,河北新闻网河马论坛,bbs.hebnews.cn,http://bbs.hebnews.cn/forum.php
_bbs_69_bbs_hefei_cc.py,合肥论坛,bbs.hefei.cc,http://bbs.hefei.cc/index.php
_bbs_6_bbs_tiexue_net.py,安卓论坛,anzhuo.cn,https://www.anzhuo.cn/
_bbs_70_bbs_hexun_com.py,和讯论坛,bbs.hexun.com,http://bbs.hexun.com/
_bbs_71_hongdou_gxnews_com_cn.py,红豆社区,hongdou.gxnews.com.cn,http://hongdou.gxnews.com.cn/
_bbs_72_bbs_huainet_com.py,淮水安澜论坛,bbs.huainet.com,http://bbs.huainet.com/index.php
_bbs_73_bbs_icpcw_com.py,瓢虫论坛,bbs.icpcw.com,http://bbs.icpcw.com/
_bbs_74_bbs_ii86_com.py,荆网论坛,bbs.ii86.com,http://bbs.ii86.com/
_bbs_75_bbs_iqilu_com.py,齐鲁社区,bbs.iqilu.com,http://bbs.iqilu.com/
_bbs_76_bbs_jhrx_cn.py,江汉热线,bbs.jhrx.cn,http://bbs.jhrx.cn/
_bbs_77_bbs_jrj_com_cn.py,金融界论坛,bbs.jrj.com.cn,http://bbs.jrj.com.cn/
_bbs_78_bbs_jxnews_com_cn.py,大江论坛,bbs.jxnews.com.cn,http://bbs.jxnews.com.cn/forum.php
_bbs_79_bbs_luanren_com.py,六安人论坛,bbs.luanren.com,http://bbs.luanren.com/
_bbs_7_www_aqlife_com.py,安庆E网,aqlife.com,http://www.aqlife.com/forum.php
_bbs_80_bbs_ludashi_com.py,鲁大师官方论坛,bbs.ludashi.com,http://bbs.ludashi.com/forum.php
_bbs_81_bbs_lyd_com_cn.py,洛阳论坛,bbs.lyd.com,http://bbs.lyd.com.cn/
_bbs_82_www_mala_cn.py,麻辣社区-四川论坛,www.mala.cn,https://www.mala.cn/index.php
_bbs_83_bbs_meishanren_com.py,眉山人论坛,bbs.meishanren.com,http://bbs.meishanren.com/
_bbs_84_bbs_my0511_com.py,梦溪论坛,bbs.my0511.com,http://bbs.my0511.com/
_bbs_85_www_mydrivers_com.py,驱动之家,mydrivers.com,http://www.mydrivers.com/?bbs
_bbs_86_bbs_ncnews_com_cn.py,豫章论坛,bbs.ncnews.com.cn,http://bbs.ncnews.com.cn/forum.php?mod=forumdisplay&fid=847&filter=author&orderby=dateline
_bbs_87_bbs_oeeee_com.py,奥一社区,bbs.oeeee.com,http://bbs.oeeee.com/
_bbs_88_bbs_onlylady_com.py,女人志论坛,bbs.onlylady.com,http://bbs.onlylady.com/
_bbs_89_bbs_pcauto_com_cn.py,太平洋汽车网论坛,bbs.pcauto.com.cn,https://bbs.pcauto.com.cn/
_bbs_8_baa_bitauto_com.py,易车网论坛,baa.bitauto.com,http://baa.bitauto.com/
_bbs_90_bbs_pcbaby_com_cn.py,太平洋亲子网论坛,bbs.pcbaby.com.cn,https://bbs.pcbaby.com.cn/
_bbs_91_club_qingdaonews_com.py,青青岛社区,club.qingdaonews.com,http://club.qingdaonews.com/
_bbs_92_bbs_railcn_net.py,铁道论坛,bbs.railcn.net,http://bbs.railcn.net/
_bbs_93_bbs_rednet_cn.py,红网论坛,bbs.rednet.cn,https://bbs.rednet.cn/
_bbs_94_bbs_scnjnews_com.py,内江月光论坛,bbs.scnjnews.com,http://bbs.scnjnews.com/
_bbs_95_bbs_scol_com_cn.py,天府社区,bbs.scol.com,https://bbs.scol.com.cn/
_bbs_96_bbs_sgmsw_cn.py,韶关论坛,bbs.sgmsw.cn,http://bbs.sgmsw.cn/
_bbs_97_bbs_shaoxing_com_cn.py,绍兴论坛,bbs.shaoxing.com.cn,http://bbs.shaoxing.com.cn/
_bbs_98_bbs_10yan_com.py,秦楚论坛,bbs.10yan.com,https://bbs.10yan.com/
_bbs_99_bbs_suyoo_cn.py,江苏论坛,bbs.suyoo.cn,http://bbs.suyoo.cn/
_bbs_9_www_mydrivers_com.py,驱动之家,mydrivers.com,http://www.mydrivers.com/?bbs
_bbs_1_bbs_360che_com.py,卡车之家-人车故事,bbs.360che.com,https://bbs.360che.com/
_bbs_2_bbs_360che_com.py,货车之家,bbs.360che.com,https://bbs.360che.com/club-110031-1.html
_bbs_3_bbs_360che_com.py,卡车杂谈,bbs.360che.com,https://bbs.360che.com/forum-lastpost-6-1.html
_bbs_4_bbs_kacheren_com.py,卡车人,bbs.kacheren.com,http://bbs.kacheren.com/
_bbs_5_bbs_logclub_com.py,物流沙龙,bbs.logclub.com,http://bbs.logclub.com/
_bbs_6_www_logistank_com.py,物流智库,www.logistank.com,http://www.logistank.com/
_bbs_7_bbs_pcauto_com_cn.py,太平洋汽车网,bbs.pcauto.com.cn,https://bbs.pcauto.com.cn/
_bbs_8_focus_tianya_cn.py,天涯论坛,focus.tianya.cn,http://focus.tianya.cn/
_news_100_www_lowcn_com.py,中国低碳经济网,lowcn.com,http://www.lowcn.com/news/
_news_101_www_mzb_com_cn.py,中国民族报,mzb.com.cn,http://www.mzb.com.cn/
_news_102_www_xinhuanet_com.py,记协,xinhuanet.com,http://www.xinhuanet.com/zgjx/
_news_103_www_xinhuanet_com.py,新华网,xinhuanet.com,http://www.xinhuanet.com/
_news_104_www_china-woman_com.py,中国妇女报,china-woman.com,http://www.china-woman.com/
_news_105_www_51auto_com.py,51汽车新闻,51auto.com,http://www.51auto.com/news/
_news_106_www_chetxia_com.py,车天下,chetxia.com,http://www.chetxia.com/
_news_107_www_szshequ_org.py,深圳家园社区,szshequ.org,http://www.szshequ.org/home/index.html
_news_108_www_tibet_cn.py,中国西藏网,tibet.cn,http://www.tibet.cn/cn/news/
_news_109_www_heag_com.py,华仪电气股份有限公司,heag.com,http://www.heag.com/
_news_10_paper_dzwww_com.py,农村大众,dzwww.com,http://paper.dzwww.com/ncdz/content/20190530/Page01NU.htm
_news_10_www_efaw_cn.py,E法网,www.efaw.cn,http://www.efaw.cn/
_news_110_www_snj_gov_cn.py,中国神农架,snj.gov.cn,http://www.snj.gov.cn/xwzx/
_news_111_www_gov_cn.py,中国政府网,gov.cn,http://www.gov.cn/
_news_112_newscenter_chemall_com_cn.py,中国化工报,newscenter.chemall.com.cn,http://newscenter.chemall.com.cn/
_news_113_www_cac_gov_cn.py,中国网信网,cac.gov.cn,http://www.cac.gov.cn/
_news_114_www_mod_gov_cn.py,国防部,mod.gov.cn,http://www.mod.gov.cn/
_news_115_www_idcpc_org_cn.py,中联部,idcpc.org.cn,http://www.idcpc.org.cn/zlfb/
_news_116_www_counsellor_gov_cn.py,国务院参事室,counsellor.gov.cn,http://www.counsellor.gov.cn/
_news_117_www_qizhiwang_org_cn.py,紫光阁,qizhiwang.org.cn,http://www.qizhiwang.org.cn/
_news_118_www_cdpf_org_cn.py,残联,cdpf.org.cn,http://www.cdpf.org.cn/
_news_119_www_ccgp_gov_cn.py,政府采购网,ccgp.gov.cn,http://www.ccgp.gov.cn/jdjc/fxyj/
_news_11_bbs_tiexue_net.py,鹅江在线,ej01.com,http://www.ej01.com/
_news_11_www_e23_cn.py,舜网,e23.cn,"http://www.e23.cn/,http://news.e23.cn/jinan/"
_news_120_www_cvf_org_cn.py,中国志愿服务联合会,cvf.org.cn,http://www.cvf.org.cn/
_news_121_www_legaldaily_com_cn.py,法制网,legaldaily.com.cn,http://www.legaldaily.com.cn/
_news_122_www_greentimes_com.py,中国绿色时报,greentimes.com,http://www.greentimes.com/green/index/index01.htm
_news_123_paper_wenweipo_com.py,文汇网,wenweipo.com,http://paper.wenweipo.com/001YO/
_news_124_www_12377_cn.py,互联网举报中心,12377.cn,http://www.12377.cn/
_news_125_www_nncc626_com.py,中国禁毒网,nncc626.com,http://www.nncc626.com/
_news_126_news_workercn_cn.py,中工网,workercn.cn,http://news.workercn.cn/
_news_127_www_banyuetan_org.py,半月谈,banyuetan.org,http://www.banyuetan.org/
_news_128_www_dangjian_cn.py,党建网,dangjian.cn,http://www.dangjian.cn/
_news_129_www_hqrw_com_cn.py,环球人物网,hqrw.com.cn,http://www.hqrw.com.cn/
_news_12_bbs_tiexue_net.py,黄金时代,golden-age.com.cn,http://www.golden-age.com.cn/
_news_12_fj_people_com_cn.py,福建_人民网,people.com.cn,http://fj.people.com.cn/
_news_130_www_urbanchina_org.py,城市网,urbanchina.org,http://www.urbanchina.org/node_200846.html
_news_131_www_qstheory_cn.py,求是网,qstheory.cn,http://www.qstheory.cn/
_news_132_www_stdaily_com.py,科技日报,stdaily.com,http://www.stdaily.com/
_news_133_news_chinaxiaokang_com.py,中国小康网,chinaxiaokang.com,http://news.chinaxiaokang.com/
_news_134_www_fh21_com_cn.py,飞华健康网,fh21.com.cn,https://www.fh21.com.cn/
_news_135_www_chinawriter_com_cn.py,中国作家网,chinawriter.com.cn,http://www.chinawriter.com.cn/
_news_136_news_enorth_com_cn.py,北方网,enorth.com.cn,http://news.enorth.com.cn/
_news_137_www_gjbmj_gov_cn.py,国家保密局,gjbmj.gov.cn,http://www.gjbmj.gov.cn/
_news_138_rencai_people_com_cn.py,中国人才网,rencai.people.com.cn,http://rencai.people.com.cn/
_news_139_www_cpta_com_cn.py,人事考试网,cpta.com.cn,http://www.cpta.com.cn/
_news_13_bbs_tiexue_net.py,广州日报,dayoo.com,http://gzdaily.dayoo.com/
_news_13_gd_people_com_cn.py,广东_人民网,people.com.cn,http://gd.people.com.cn/
_news_140_kpzg_people_com_cn.py,科普中国,kpzg.people.com.cn,http://kpzg.people.com.cn/
_news_141_ip_people_com_cn.py,知识产权,ip.people.com.cn,http://ip.people.com.cn/
_news_142_rwdl_people_cn.py,中国国家人文地理,rwdl.people.cn,http://rwdl.people.cn/
_news_143_news_chinaxiaokang_com.py,小康,news.chinaxiaokang.com,http://news.chinaxiaokang.com/dujiazhuangao
_news_144_xjr_people_cn.py,人民信金融,xjr.people.cn,http://xjr.people.cn/
_news_145_zhouenlai_people_com_cn.py,周恩来纪念网,zhouenlai.people.cn,http://zhouenlai.people.com.cn
_news_146_npc_people_com_cn.py,人大新闻网,npc.people.com.cn,http://npc.people.com.cn/
_news_147_acftu_people_com_cn.py,工会新闻网,acftu.people.com.cn,http://acftu.people.com.cn/
_news_148_www_wzrb_com_cn.py,温州日报瓯网,wzrb.com.cn,http://www.wzrb.com.cn
_news_149_tyzx_people_cn.py,中国统一战线新闻网,tyzx.people.cn,http://tyzx.people.cn/GB/index.html
_news_14_gs_people_com_cn.py,甘肃_人民网,people.com.cn,http://gs.people.com.cn/
_news_14_www_hljdaily_com_cn.py,黑龙江日报,hljdaily.com,http://www.hljdaily.com.cn/
_news_150_cpc_people_com_cn.py,邓小平纪念网,cpc.people.com.cn,http://cpc.people.com.cn/GB/69112/69113/index.html
_news_151_www_womenvoice_cn.py,女性之声,womenvoice.cn,http://www.womenvoice.cn/GB/index.html
_news_152_www_chinaql_org.py,中国侨联,chinaql.org,http://www.chinaql.org/GB/index.html
_news_153_www_wxyjs_org_cn.py,中央文献网,wxyjs.org.cn,https://www.wxyjs.org.cn/tpxw_549/
_news_154_www_zgdsw_org_cn.py,中国共产党历史网,zgdsw.org.cn,http://www.zgdsw.org.cn/GB/349944/index.html
_news_155_www_fmprc_gov_cn.py,外交部网站,fmprc.gov.cn,https://www.fmprc.gov.cn/web/
_news_156_www_haoyisheng_com.py,好医生新闻,www.haoyisheng.com,https://www.haoyisheng.com/
_news_157_www_12380_gov_cn.py,中组部12380举报网,12380.gov.cn,http://www.12380.gov.cn/
_news_158_www_npopss-cn_gov_cn.py,全国社科工作办,npopss-cn.gov.cn,http://www.npopss-cn.gov.cn/
_news_159_www_guangzhou_gov_cn.py,广州网,guangzhou.gov.cn,http://www.guangzhou.gov.cn/
_news_15_gx_people_com_cn.py,广西_人民网,people.com.cn,http://gx.people.com.cn/
_news_15_www_hljnews_cn.py,黑龙江新闻网,www.hljnews.com,http://www.hljnews.cn/
_news_160_www_qizhiwang_org_cn.py,旗帜网,qizhiwang.org.cn,http://www.qizhiwang.org.cn/GB/422352/index.html
_news_161_www_dayoo_com.py,大洋网,www.dayoo.com,http://www.dayoo.com/
_news_162_www_cqcb_com.py,上游新闻,cqcb.com,https://www.cqcb.com/headline/
_news_163_www_cqcb_com.py,重庆商报,cqcb.com,https://www.cqcb.com/headline/
_news_164_china_cankaoxiaoxi_com.py,参考消息,cankaoxiaoxi.com,http://china.cankaoxiaoxi.com/
_news_165_wdb001_com.py,网贷帮,wdb001.com,http://wdb001.com/
_news_166_www_chexun_com.py,车讯网新闻,www.chexun.com,http://www.chexun.com/
_news_167_www_legaldaily_com_cn.py,法制日报,legaldaily.com.cn,http://www.legaldaily.com.cn/
_news_168_auto_qq_com.py,腾讯汽车新闻,auto.qq.com,https://auto.qq.com/
_news_169_auto_qq_com.py,腾讯汽车新闻,auto.qq.com,https://auto.qq.com/
_news_16_gz_people_com_cn.py,贵州_人民网,people.com.cn,http://gz.people.com.cn/
_news_16_www_hljtv_com.py,黑龙江电视台,www.hljtv.com,http://www.hljtv.com/
_news_170_www_qsjournal_com_cn.py,求是,qsjournal.com.cn,http://www.qsjournal.com.cn/toutiao/
_news_171_www_rznews_cn.py,日照新闻网,rznews.cn,http://www.rznews.cn/
_news_172_www_rznews_cn.py,日照新闻网,rznews.cn,http://www.rznews.cn/
_news_173_www_zbnews_net.py,淄博新闻网,zbnews.net,http://www.zbnews.net/
_news_174_www_sdgh_org_cn.py,山东工人报,sdgh.org.cn,http://www.sdgh.org.cn/sdgrb/
_news_175_www_qingdaonews_com.py,青岛晚报,qingdaonews.com,http://www.qingdaonews.com/
_news_176_www_qingdaonews_com.py,青岛晚报,qingdaonews.com,http://www.qingdaonews.com/
_news_177_www_jrsx_com_cn.py,今日山西,jrsx.com.cn,http://www.jrsx.com.cn/
_news_178_www_tynews_com_cn.py,太原新闻网,tynews.com.cn,http://www.tynews.com.cn/
_news_179_www_sxgov_cn.py,黄河新闻网,sxgov.cn,http://www.sxgov.cn/
_news_17_hb_people_com_cn.py,湖北_人民网,people.com.cn,http://hb.people.com.cn/
_news_17_www_hncstv_com.py,长沙人民广播电台,www.hncstv.com,http://www.hncstv.com/
_news_180_www_sx_xinhuanet_com.py,山西工人报,sx.xinhuanet.com,http://www.sx.xinhuanet.com
_news_181_www_scxxb_com_cn.py,市场信息报,scxxb.com.cn,http://www.scxxb.com.cn/
_news_182_www_tzdaily_com_cn.py,滕州日报,tzdaily.com.cn,http://www.tzdaily.com.cn
_news_183_www_51peoplephoto_com.py,人民摄影,51peoplephoto,http://www.51peoplephoto.com/my/webpage/news/
_news_184_www_cnwest_com.py,西部网,cnwest,http://www.cnwest.com/
_news_185_www_sxdaily_com_cn.py,陕西日报,sxdaily.com.cn,http://www.sxdaily.com.cn/
_news_186_www_baojidaily_com.py,宝鸡日报,baojidaily.com,http://www.baojidaily.com/bjrb/20190507/html/index.htm
_news_187_www_sanqin_com.py,三秦都市报,sanqin.com,http://www.sanqin.com/
_news_188_www_xiancn_com.py,西安新闻网,xiancn.com,http://www.xiancn.com/
_news_189_www_xiancn_com.py,西安新闻网,xiancn.com,http://www.xiancn.com/
_news_18_henan_people_com_cn.py,河南_人民网,people.com.cn,http://henan.people.com.cn/
_news_18_www_hnradio_com.py,湖南人民广播电视台,www.hnradio.com,http://www.hnradio.com/
_news_190_www_sxtvs_com.py,陕西电视台,sxtvs.com,http://www.sxtvs.com/
_news_191_www_xbfzb_com.py,西部法制报,xbfzb.com,http://www.xbfzb.com/
_news_192_www_xiancity_cn.py,西安网,xiancity.cn,http://www.xiancity.cn/
_news_193_www_eastday_com.py,东方网,eastday.com,http://www.eastday.com
_news_194_www_xinmin_cn.py,新民网,xinmin.cn,http://www.xinmin.cn/
_news_195_www_china-cbn_com.py,第一财经,china-cbn.com,http://www.china-cbn.com/
_news_196_www_jfdaily_com.py,上观,jfdaily.com,http://www.jfdaily.com/
_news_197_www_jfdaily_com.py,上观,jfdaily.com,http://www.jfdaily.com/
_news_198_www_dzwww_com.py,大众电脑报,dzwww.com,http://www.dzwww.com/dzpc/
_news_199_www_jfdaily_com.py,上观,jfdaily.com,http://www.jfdaily.com/
_news_19_hi_people_com_cn.py,海南_人民网,people.com.cn,http://hi.people.com.cn/
_news_19_hnrb_voc_com_cn.py,湖南日报,hnrb.voc.com.cn,http://hnrb.voc.com.cn/
_news_1_ah_people_com_cn.py,安徽_人民网,people.com.cn,http://ah.people.com.cn/
_news_1_hbrb_cnhubei_com.py,湖北日报,hbrb.cnhubei.com,http://hbrb.cnhubei.com/cache/paper_hbrb.aspx
_news_200_xmzk_xinminweekly_com_cn.py,新民周刊,xinminweekly.com.cn,http://xmzk.xinminweekly.com.cn/
_news_201_shrb_dzwww_com.py,生活日报,shrb.dzwww,http://shrb.dzwww.com/
_news_20_history_people_com_cn.py,国家人文历史,history.people.com.cn,http://history.people.com.cn/GB/198819/index.html
_news_20_www_hrbtv_net.py,哈尔滨电视台,www.hrbtv.net,http://www.hrbtv.net/
_news_21_hlj_people_com_cn.py,黑龙江_人民网,people.com.cn,http://hlj.people.com.cn/
_news_21_hunan_voc_com_cn.py,大众卫生报,hunan.voc.com.cn,http://hunan.voc.com.cn/
_news_22_bbs_tiexue_net.py,南方周末,infzm.com,http://www.infzm.com/
_news_22_hn_people_com_cn.py,湖南_人民网,people.com.cn,http://hn.people.com.cn/
_news_23_japan_people_com_cn.py,日本_人民网,people.com.cn,http://japan.people.com.cn/
_news_23_www_jiujiang_gov_cn.py,九江网,www.jiujiang.gov.cn,http://www.jiujiang.gov.cn/index.htm
_news_24_www_jiaodong_net.py,胶东在线,jiaodong.net,http://www.jiaodong.net/
_news_24_www_jnds_com_cn.py,江南都市网,www.jnds.com.cn,http://www.jnds.com.cn/
_news_25_jl_people_com_cn.py,吉林_人民网,people.com.cn,http://jl.people.com.cn/
_news_25_www_jsbc_com.py,江苏广播电视总台,www.jsbc.com,http://www.jsbc.com/
_news_26_js_people_com_cn.py,江苏_人民网,people.com.cn,http://js.people.com.cn/
_news_26_www_jschina_com_cn.py,中国江苏网,jschina.com.cn,http://www.jschina.com.cn/
_news_27_www_jsdushi_com.py,江苏都市网,www.jsdushi.com,http://www.jsdushi.com/
_news_27_www_jwb_com_cn.py,今晚报,jwb.com.cn,http://www.jwb.com.cn/jwb/paperindex.htm
_news_28_jx_people_com_cn.py,江西_人民网,people.com.cn,http://jx.people.com.cn/
_news_28_www_jstv_com.py,江苏电视台,www.jstv.com,http://www.jstv.com/
_news_29_korea_people_com_cn.py,韩国_人民网,people.com.cn,http://korea.people.com.cn/
_news_29_www_jxcn_cn.py,中国江西网,www.jxcn.cn,http://www.jxcn.cn/
_news_2_australia_people_com_cn.py,澳大利亚_人民网,people.com.cn,http://australia.people.com.cn/
_news_2_www_ccradio_cn.py,长春广播网,www.ccradio.cn,http://www.ccradio.cn
_news_30_ln_people_com_cn.py,辽宁_人民网,people.com.cn,http://ln.people.com.cn/
_news_30_www_lifedaily_cn.py,生活报,www.lifedaily.com,http://www.lifedaily.cn
_news_31_bbs_tiexue_net.py,新周刊,neweekly.com.cn,http://www.neweekly.com.cn/
_news_31_www_msweekly_com.py,民生网,www.msweekly.com,http://www.msweekly.com/index.html
_news_32_news_66wz_com.py,温州新闻网,news.66wz.com,http://news.66wz.com/
_news_32_www_anhuinews_com.py,中安在线,www.anhuinews.com,http://www.anhuinews.com/
_news_33_www_ahwang_cn.py,安徽网,www.ahwang.com,http://www.ahwang.cn/
_news_33_www_c114_com_cn.py,C114通信网,www.c114.com.cn,http://www.c114.com.cn/news
_news_34_app_ahrb_com_cn.py,安徽日报,app.ahrb.com.cn,http://app.ahrb.com.cn/ahrb/layout
_news_34_mobile_pconline_com_cn.py,太平洋电脑网,pconline.com.cn,https://mobile.pconline.com.cn/
_news_35_8080_net.py,极速网,8080.net,http://8080.net/coupon/
_news_35_www_hf365_com.py,合肥在线,www.hf365.com,http://www.hf365.com/
_news_36_www_dgworld_com_cn.py,数码世界杂志社,www.dgworld.com.cn,http://www.dgworld.com.cn/index.php
_news_36_www_juece_net_cn.py,决策杂志,www.juece.net.cn,http://www.juece.net.cn/
_news_37_www_hfol_com_cn.py,合肥人民广播电台,www.hfol.com.cn,http://www.hfol.com.cn/
_news_37_www_zhiding_cn.py,至顶网,www.zhiding.cn,http://www.zhiding.cn/
_news_38_www_bjd_com_cn.py,京报网,www.bjd.com.cn,http://www.bjd.com.cn
_news_38_www_sciencetimes_com_cn.py,科学网,www.sciencetimes.com.cn,http://www.sciencetimes.com.cn/news/smkx/
_news_39_bjwb_bjd_com_cn.py,北京晚报,bjwb.bjd.com.cn,http://bjwb.bjd.com.cn
_news_39_www_icpcw_com.py,电脑报,www.icpcw.com,http://www.icpcw.com/http://www.icpcw.com/Information
_news_3_bj_people_com_cn.py,北京_人民网,bj.people.com.cn,http://bj.people.com.cn/
_news_3_www_changchun_jl_cn.py,长春信息港,www.changchun.jl.cn,http://www.changchun.jl.cn
_news_40_bjrb_bjd_com_cn.py,北京日报,bjrb.bjd.com.cn,http://bjrb.bjd.com.cn
_news_40_www_dooland_com.py,读览天下,www.dooland.com,http://www.dooland.com/magazine/article_pic.php
_news_41_epaper_ynet_com.py,北京青年报,epaper.ynet.com,http://epaper.ynet.com
_news_41_www_bkmedia_cn.py,科技生活,www.bkmedia.cn,http://www.bkmedia.cn/
_news_42_www_beijing_gov_cn.py,北京市人民政府,beijing.gov.cn,http://www.beijing.gov.cn
_news_42_www_cww_net_cn.py,通信世界网,www.cww.net.cn,http://www.cww.net.cn/web/homepage/index.action
_news_43_old_cnw_com_cn.py,网界网,cnw.com.cn,http://old.cnw.com.cn/index/index/index.htmlhttp://news.cnw.com.cn/
_news_43_www_thefirst_cn.py,竞报体育,thefirst.cn,https://www.thefirst.cn/
_news_44_old_cnw_com_cn.py,网界网,cnw.com.cn,http://old.cnw.com.cn/index/index/index.htmlhttp://news.cnw.com.cn/
_news_44_www_bjnews_com_cn.py,新京报,bjnews.com.cn,http://www.bjnews.com.cn/
_news_45_old_cnw_com_cn.py,网界网,cnw.com.cn,http://old.cnw.com.cn/index/index/index.html
_news_45_www_beijingreview_com_cn.py,北京周报,beijingreview.com.cn,http://www.beijingreview.com.cn
_news_46_www_donews_com.py,科技媒体DoNews,www.donews.com,http://www.donews.comhttp://www.donews.com/company/index
_news_46_www_mzyfz_com.py,民主与法制网,mzyfz.com,http://www.mzyfz.com
_news_47_nm_people_com_cn.py,内蒙古_人民网,people.com.cn,http://nm.people.com.cn/
_news_47_sdjsb_bjd_com_cn.py,首都建设报,sdjsb.bjd.com.cn,http://sdjsb.bjd.com.cn
_news_48_nordic_people_com_cn.py,北欧_人民网,people.com.cn,http://nordic.people.com.cn/
_news_48_www_bgtv_com_cn.py,北京广播电视报,bgtv.com.cn,http://www.bgtv.com.cn/
_news_49_nx_people_com_cn.py,宁夏_人民网,people.com.cn,http://nx.people.com.cn/
_news_49_www_mop_com.py,猫扑网,mop.com,http://www.mop.com/
_news_4_www_ccdy_cn.py,中国文化传媒网,ccdy.cn,http://www.ccdy.cn/yaowen/
_news_4_www_chinactv_com.py,长春电视台,www.chinactv.com,http://www.chinactv.com/
_news_50_qh_people_com_cn.py,青海_人民网,people.com.cn,http://qh.people.com.cn/
_news_50_www_dqdaily_com.py,大庆网,www.dqdaily.com,http://www.dqdaily.com/
_news_51_bbs_tiexue_net.py,南风窗,nfcmag.com,https://www.nfcmag.com/
_news_51_ru_people_com_cn.py,俄罗斯_人民网,people.com.cn,http://ru.people.com.cn/
_news_52_bbs_tiexue_net.py,南方人物周刊,nfpeople.com,http://www.nfpeople.com/
_news_52_sc_people_com_cn.py,四川_人民网,people.com.cn,http://sc.people.com.cn/
_news_53_sd_people_com_cn.py,山东_人民网,people.com.cn,http://sd.people.com.cn/
_news_53_www_njbg_com_cn.py,南京电视台,www.njbg.com.cn,http://www.njbg.com.cn/
_news_54_www_njnews_cn.py,南京报业网,www.njnews.cn,http://www.njnews.cn/
_news_54_www_sg_com_cn.py,精品购物指南,sg.com.cn,http://www.sg.com.cn/news.htm
_news_55_www_nydaily_com_cn.py,南阳日报,www.nydaily.com.cn,https://www.nydaily.com.cn/
_news_55_www_shm_com_cn.py,水母网,shm.com.cn,http://www.shm.com.cn/
_news_56_sn_people_com_cn.py,陕西_人民网,people.com.cn,http://sn.people.com.cn/
_news_56_www_online_jx_cn.py,中国西江网,www.online.jx.cn,http://www.online.jx.cn/
_news_57_bbs_tiexue_net.py,地方领导留言网,people.com.cn,http://liuyan.people.com.cn/
_news_57_sz_people_com_cn.py,深圳_人民网,sz.people.com.cn,http://sz.people.com.cn/
_news_58_szb_mshw_net.py,眉山日报,mshw.net,http://szb.mshw.net
_news_58_www_0791quanquan_com.py,圈圈网,0791quanquan.com,http://www.0791quanquan.com/
_news_59_uk_people_com_cn.py,英国_人民网,people.com.cn,http://uk.people.com.cn/
_news_59_www_sciencetimes_com_cn.py,科学时报,www.sciencetimes.com.cn,http://www.sciencetimes.com.cn
_news_5_www_ccn_com_cn.py,中国消费网,ccn.com.cn,http://www.ccn.com.cn/html/news/xiaofeiyaowen/
_news_5_www_cnchu_com.py,楚网,www.cnchu.com,http://www.cnchu.com/
_news_60_tech_sina_com_cn.py,新浪科技时代,tech.sina.com,https://tech.sina.com.cn/
_news_60_usa_people_com_cn.py,美国_人民网,people.com.cn,http://usa.people.com.cn/
_news_61_news_voc_com_cn.py,家庭导报,voc.com.cn,http://news.voc.com.cn/class/1915.html
_news_61_www_stockstar_com.py,证券之星,stockstar.com,http://www.stockstar.com/
_news_62_gov_66wz_com.py,温州新闻网,gov.66wz.com,http://gov.66wz.com/
_news_62_www_sxxw_net.py,三峡晚报,www.sxxw.com,http://www.sxxw.net/
_news_63_www_bbtnews_com_cn.py,北京商报网,www.bbtnews.com.cn,http://www.bbtnews.com.cn/
_news_63_www_thmz_com.py,太湖明珠网,www.thmz.com,http://www.thmz.com/
_news_64_t_10jqka_com_cn.py,同花顺,t.10jqka.com.cn,http://t.10jqka.com.cn/guba/300225/
_news_64_www_changjiangtimes_com.py,长江商报,www.changjiangtimes.com,http://www.changjiangtimes.com/
_news_65_www_hilizi_com.py,海力网,www.hilizi.com,http://www.hilizi.com/
_news_65_www_voc_com_cn.py,华声在线,voc.com.cn,http://www.voc.com.cn/
_news_66_wlstock_com.py,万隆证券网,wlstock.com,http://wlstock.com/
_news_66_www_hljnews_cn.py,黑龙江新闻网,www.hljnews.cn,http://www.hljnews.cn/
_news_67_www_scol_com_cn.py,四川在线网,www.scol.com.cn,https://www.scol.com.cn/
_news_67_www_whtv_com_cn.py,武汉电视台,www.whtv.com,http://www.whtv.com.cn/
_news_68_www_sznews_com.py,深圳新闻网,www.sznews.com,http://www.sznews.com/
_news_68_www_wlstock_com.py,万隆证券网,wlstock.com,http://www.wlstock.com/
_news_69_www_wenming_cn.py,中国文明网,www.wenming.cn,http://www.wenming.cn/
_news_69_www_wxrb_com.py,无锡日报,www.wxrb.com,http://www.wxrb.com/
_news_6_www_cflac_org_cn.py,中国文艺网,cflac.org.cn,http://www.cflac.org.cn/ys/wx/wxzx/
_news_6_www_cnhan_com.py,长江日报,www.cnhan.com,http://www.cnhan.com/html/cjrb/
_news_70_www_yndaily_com.py,云南日报网,www.yndaily.com,https://www.yndaily.com/
_news_70_wz_jxnews_com_cn.py,问政江西,wz.jxnews.com.cn,http://wz.jxnews.com.cn/
_news_71_www_xhby_net.py,新华日报,xhby.net,http://www.xhby.net/
_news_71_xj_people_com_cn.py,新疆_人民网,people.com.cn,http://xj.people.com.cn/
_news_72_www_xxcb_cn.py,潇湘晨报,www.xxcb.com,http://www.xxcb.cn/
_news_72_xz_people_com_cn.py,西藏_人民网,people.com.cn,http://xz.people.com.cn/
_news_73_www_jxnews_com_cn.py,信息日报,www.jxnews.com.cn,http://www.jxnews.com.cn/xxrb/
_news_73_yn_people_com_cn.py,云南_人民网,people.com.cn,http://yn.people.com.cn/
_news_74_www_yangtse_com.py,扬子晚报,www.yangtse.com,http://www.yangtse.com/
_news_74_zj_people_com_cn.py,浙江_人民网,people.com.cn,http://zj.people.com.cn/
_news_75_www_803_com_cn.py,岳阳网,www.803.com.cn,http://www.803.com.cn/
_news_75_www_xmnn_cn.py,厦门网,xmnn,http://www.xmnn.cn/
_news_76_bbs_tiexue_net.py,众鑫玩卡,zhongxinwanka.com,https://www.zhongxinwanka.com/
_news_76_www_66163_com.py,福建之窗,66163.com,http://www.66163.com/
_news_77_www_fjtv_net.py,福建电视台,fjtv.net,http://www.fjtv.net/
_news_77_zm_njnews_cn.py,周末报,zm.njnews.cn,http://zm.njnews.cn/html/2019-04/24/node_2.htm
_news_78_www_zmdnews_cn.py,驻马店新闻网,www.zmdnews.cn,http://www.zmdnews.cn/
_news_78_www_zohi_tv.py,福州电视台,zohi.tv,http://www.zohi.tv/
_news_79_www_vos_com_cn.py,海峡之声网,vos.com.cn,http://www.vos.com.cn/
_news_79_www_zzradio_cn.py,郑州人民广播电台,www.zzradio.com,http://www.zzradio.cn/
_news_7_www_cnhubei_com.py,体育周报,cnhubei.com,http://www.cnhubei.com/tyzhb/index.htm
_news_7_www_cnjiwang_com.py,中国吉林网,www.cnjiwang.com,http://www.cnjiwang.com/
_news_80_www_fjsen_com.py,东南新闻网,fjsen.com,http://www.fjsen.com/
_news_80_www_mofcom_gov_cn.py,商务部网站,mofcom.gov.cn,http://www.mofcom.gov.cn/article/ae/
_news_81_www_doit_com_cn.py,DOIT社区,www.doit.com.cn,http://www.doit.com.cn/
_news_81_www_greatwuyi_com.py,闽北日报,greatwuyi.com,http://www.greatwuyi.com/mbrb/2012-11/28/index.htm
_news_82_www_rmzxb_com_cn.py,人民政协报,rmzxb.com.cn,http://www.rmzxb.com.cn/index.shtml
_news_82_www_taihainet_com.py,台海网,taihainet.com,http://www.taihainet.com/
_news_83_epaper_taihainet_com.py,海峡导报,taihainet.com,http://epaper.taihainet.com/
_news_83_www_evzhidao_com.py,EV知道,www.evzhidao.com,http://www.evzhidao.com/all/
_news_84_www_gs_chinanews_com.py,甘肃新闻网,gs.chinanews.com,http://www.gs.chinanews.com/
_news_84_www_peoplerail_com.py,人民铁道报,peoplerail.com,http://www.peoplerail.com/rail/index.html
_news_85_gsrb_gansudaily_com_cn.py,甘肃日报,gansudaily.com.cn,http://gsrb.gansudaily.com.cn/index_rbd.html
_news_85_news_xwh_cn.py,新文化网,news.xwh.cn,http://news.xwh.cn/cc/
_news_86_finance_ce_cn.py,中国经济网,ce.cn,http://finance.ce.cn/
_news_86_xbsb_gansudaily_com_cn.py,西部商报,gansudaily.com.cn,http://xbsb.gansudaily.com.cn/index_xbsb.html
_news_87_www_81_cn.py,解放军报,81.cn,http://www.81.cn/
_news_87_www_gansudaily_com_cn.py,每日甘肃,gansudaily.com.cn,http://www.gansudaily.com.cn/
_news_88_gsnmb_gansudaily_com_cn.py,甘肃农民网,gansudaily.com.cn,http://gsnmb.gansudaily.com.cn/
_news_88_news_cnr_cn.py,中国广播网,cnr.cn,http://news.cnr.cn/
_news_89_www_farmer_com_cn.py,三农在线,farmer.com.cn,http://www.farmer.com.cn/
_news_89_www_gs_xinhua_org.py,新华网甘肃频道,gs.xinhua.org,http://www.gs.xinhua.org/
_news_8_cq_people_com_cn.py,重庆_人民网,people.com.cn,http://cq.people.com.cn/
_news_8_www_cnxz_com_cn.py,中国徐州网,www.cnxz.com.cn,http://www.cnxz.com.cn/
_news_90_www_ctnews_com_cn.py,中国旅游报,ctnews.com.cn,http://www.ctnews.com.cn/
_news_90_www_lzbs_com_cn.py,兰州新闻网,lzbs.com.cn,http://www.lzbs.com.cn/
_news_91_www_chinajsb_cn.py,中国建设报,chinajsb.cn,http://www.chinajsb.cn/
_news_91_www_gstv_com_cn.py,丝路明珠网,gstv.com.cn,http://www.gstv.com.cn/
_news_92_www_dayoo_com.py,大洋网,dayoo.com,http://www.dayoo.com/
_news_92_www_jkb_com_cn.py,健康报,jkb.com.cn,http://www.jkb.com.cn/news/depth/
_news_93_www_zgjtb_com.py,中国交通报,zgjtb.com,http://www.zgjtb.com/
_news_94_www_longhoo_net.py,龙虎网,www.longhoo.net,http://www.longhoo.net/
_news_95_www_cien_com_cn.py,中国产经新闻报,cien.com.cn,http://www.cien.com.cn/shizheng/
_news_96_www_cnfoodnet_com.py,中国食品报,cnfoodnet.com,http://www.cnfoodnet.com/
_news_97_www_chinaxwcb_com.py,中国新闻出版网,chinaxwcb.com,https://www.chinaxwcb.com/
_news_98_www_goldnews_com_cn.py,中国黄金报,goldnews.com.cn,http://www.goldnews.com.cn/ky1227/kyyw/
_news_99_www_cpnn_com_cn.py,中国电力新闻网,cpnn.com.cn,http://www.cpnn.com.cn/
_news_9_www_dfsports_com_cn.py,东方体育日报,dfsports.com.cn,http://www.dfsports.com.cn/jjzgu/lqCBAu/
_news_9_www_dqdaily_com.py,大庆日报,www.dqdaily.com,http://www.dqdaily.com/
_news_100_news_21cn_com.py,21CN,21cn.com,http://news.21cn.com/
_news_101_news_sina_com_cn.py,新浪,sina.com.cn,http://news.sina.com.cn/
_news_102_www_csnqc_cn.py,投资观察网,csnqc.cn,http://www.csnqc.cn/
_news_103_www_cjn_cn.py,长江网,cjn.cn,http://www.cjn.cn/
_news_104_www_p-e-china_com.py,中国电力电子产业网,p-e-china.com,http://www.p-e-china.com/
_news_105_news_6-china_com.py,中国物流网,news.6-china.com,https://news.6-china.com/
_news_106_anjian_china_com_cn.py,中国网-中国应急,anjian.china.com.cn,http://anjian.china.com.cn/index.html
_news_107_brand_china_com.py,中华网品牌,brand.china.com,https://brand.china.com/
_news_10_www_cneo_com_cn.py,企业观察报,www.cneo.com.cn,http://www.cneo.com.cn/
_news_11_bbs_tiexue_net.py,重庆晨报,cqcb.com,https://www.cqcb.com/
_news_12_bbs_tiexue_net.py,创业中国,cye.com.cn,http://www.cye.com.cn/
_news_13_www_cygcw_cn.py,中国产业观察网,www.cygcw.cn,http://www.cygcw.cn/
_news_14_dy_163_com.py,网易号,dy.163.com,https://dy.163.com/
_news_15_www_dzshbw_com.py,大众新闻网,www.dzshbw.com,http://www.dzshbw.com/
_news_16_bbs_tiexue_net.py,广州热线,gzonline.net,http://www.gzonline.net/
_news_17_bbs_tiexue_net.py,长城网,hebei.com.cn,http://www.hebei.com.cn
_news_18_bbs_tiexue_net.py,湖南新闻网,chinanews.com,http://www.hn.chinanews.com/
_news_19_bbs_tiexue_net.py,中国财经产业网,itangjiu.com,http://www.itangjiu.com/
_news_1_ahnews_com_cn.py,安徽新闻网,ahnews.com.cn,http://ahnews.com.cn/
_news_20_bbs_tiexue_net.py,中国财富头条,jhrbs.com,http://www.jhrbs.com/
_news_21_www_jsnewsw_com.py,江苏新闻网,www.jsnewsw.com,http://www.jsnewsw.com/
_news_22_www_lyrb_com_cn.py,浏阳网,www.lyrb.com.cn,http://www.lyrb.com.cn/
_news_23_www_msn_cn.py,MSN,www.msn.cn,https://www.msn.cn/zh-cn/
_news_24_www_aidn_com_cn.py,新福网,www.aidn.com.cn,http://www.aidn.com.cn/http://www.aidn.com.cn/fujian/
_news_25_www_caijing_com_cn.py,财经网,www.caijing.com.cn,http://www.caijing.com.cn/
_news_26_www_ceccen_com.py,中国企业报道,www.ceccen.com,http://www.ceccen.com
_news_27_www_cenr_com_cn.py,中国企业报道,www.cenr.com.cn,http://www.cenr.com.cn/yaowen/qyyw/hlw/
_news_28_www_china_com.py,中华网,www.china.com,https://www.china.com/
_news_29_www_cxxwnews_com.py,创新网,www.cxxwnews.com,http://www.cxxwnews.com/zixun/
_news_2_www_arats_com_cn.py,海峡两岸关系协会,www.arats.com.cn,http://www.arats.com.cn/
_news_30_news_e23_cn.py,舜网,e23.cn,http://news.e23.cn
_news_31_www_global56_com.py,环球物流网,global56.com,http://www.global56.com
_news_32_www_ifeng_com.py,凤凰网,www.ifeng.com,https://www.ifeng.com/
_news_33_www_it168_com.py,it168,it168.com,http://www.it168.com/news/
_news_34_www_jilinnews_cn.py,吉林新闻网,jilinnews.cn,http://www.jilinnews.cn/news/
_news_35_mobile_pcpop_com.py,泡泡网,pcpop.com,http://mobile.pcpop.com/
_news_36_www_stdaily_com.py,中国科技网,www.stdaily.com,http://www.stdaily.com/
_news_37_news_sxrb_com.py,山西新闻网,sxrb.com,http://news.sxrb.com/GB/index.html
_news_38_www_thexinhua_com.py,新华在线,www.thexinhua.com,http://www.thexinhua.com/
_news_39_toutiao_hc360_com.py,慧聪网,toutiao.hc360.com,https://toutiao.hc360.com/
_news_3_www_beiww_com.py,北纬网,beiww.com,http://www.beiww.com/
_news_40_www_xibuxinwen_com.py,西部新闻网,www.xibuxinwen.com,http://www.xibuxinwen.com/news/
_news_41_www_hzfc_cc.py,荷房网,www.hzfc.cc,http://www.hzfc.cc/
_news_42_news_people_com_cn.py,人民网,people.com.cn,http://news.people.com.cn/
_news_43_shangjie_lnd_com_cn.py,北国网,shangjie.lnd.com.cn,http://shangjie.lnd.com.cn/jishi/
_news_44_www_bzxhw_com.py,中国巴中网,www.bzxhw.com,http://www.bzxhw.com/
_news_45_finance_xjche365_com.py,中国消费新闻网,xjche365.com,http://finance.xjche365.com/
_news_46_www_shcew_cn.py,上海经济新闻网,www.shcew.cn,http://www.shcew.cn/
_news_47_www_shxbw_net.py,生活新报,www.shxbw.net,http://www.shxbw.net/
_news_48_bbs_tiexue_net.py,中国社会新闻网,societynews.cn,http://www.societynews.cn/
_news_49_bbs_tiexue_net.py,台湾网,taiwan.cn,http://www.taiwan.cn/
_news_4_bj_jc56_com.py,中华物流网,bj.jc56.com,http://bj.jc56.com/?sogou/3687
_news_50_www_56tim_com.py,物流报,56tim.com,http://www.56tim.com/logistics-information/industry-dynamics
_news_51_www_bzgd_com.py,巴中网,www.bzgd.com,http://www.bzgd.com/
_news_52_www_chinadevelopment_com_cn.py,中国发展网,chinadevelopment.com.cn,http://www.chinadevelopment.com.cn/
_news_53_yuqing_chinadevelopment_com_cn.py,中国发展网,chinadevelopment.com.cn,http://yuqing.chinadevelopment.com.cn/Home/Article/index/category/xwzx.html
_news_54_jmrh_chinadevelopment_com_cn.py,中国发展网,chinadevelopment.com.cn,http://jmrh.chinadevelopment.com.cn/
_news_55_www_chinareports_org_cn.py,中国报道,chinareports.org.cn,http://www.chinareports.org.cn/
_news_56_www_china-esi_com.py,中国节能产业网,www.china-esi.com,http://www.china-esi.com/
_news_57_www_cn156_com.py,第1物流网,www.cn156.com,http://www.cn156.com/
_news_58_www_cscaa_org_cn.py,中国信息网,www.cscaa.org.cn,http://www.cscaa.org.cn/
_news_59_www_dswt_net.py,中国都市新闻网,www.dswt.net,http://www.dswt.net/
_news_5_www_caijing_com_cn.py,财经网,www.caijing.com.cn,http://www.caijing.com.cn/
_news_60_www_ibenxi_com.py,本溪网,www.ibenxi.com,http://www.ibenxi.com/portal.php
_news_61_www_jmrx_com_cn.py,江城热线,www.jmrx.com.cn,http://www.jmrx.com.cn/
_news_62_www_taizhou_com_cn.py,中国台州网,www.taizhou.com.cn,http://www.taizhou.com.cn/
_news_63_www_tzgcjie_com.py,投资观察界,www.tzgcjie.com,http://www.tzgcjie.com/
_news_64_www_zqcn_com_cn.py,中国企业网,www.zqcn.com.cn,http://www.zqcn.com.cn/
_news_65_finance_zqcn_com_cn.py,中国企业网,www.zqcn.com.cn,https://finance.zqcn.com.cn/
_news_66_bbs_tiexue_net.py,消费日报,xfrb.com.cn,http://www.xfrb.com.cn/
_news_67_news_xinxunwang_com.py,新讯网,xinxunwang.com,http://news.xinxunwang.com/china/
_news_68_news_yongzhou_gov_cn.py,永州新闻网,yongzhou.gov.cn,http://news.yongzhou.gov.cn/yongzhou/
_news_69_bbs_tiexue_net.py,中国商业周刊,yunnanzs.com,http://www.yunnanzs.com/
_news_6_bbs_tiexue_net.py,赛迪网,ccidnet.com,http://www.ccidnet.com/
_news_70_news_fecn_net.py,中国财经网,fecn.net,http://news.fecn.net/domestic/
_news_71_www_cnii_com_cn.py,中国信息产业网,cnii.com.cn,http://www.cnii.com.cn/node_33989.htm
_news_72_tech_china_com.py,中华网,china.com,http://tech.china.com/
_news_73_news_163_com.py,网易,163.com,http://news.163.com/
_news_74_anjian_china_com_cn.py,中国网,anjian.china.com.cn,http://anjian.china.com.cn/index.html
_news_75_www_56-cctv_com.py,央视物流网,56-cctv.com,http://www.56-cctv.com/
_news_76_we_yesky_com.py,天极网,news.yesky.com,http://we.yesky.com/
_news_77_we_yesky_com.py,天极网,news.yesky.com,http://we.yesky.com/
_news_78_ny_cenn_com.py,中国企业新闻网,ny.cenn.com,http://ny.cenn.com/
_news_79_www_cn56_net_cn.py,中国物流行业网,cn56.net.cn,http://www.cn56.net.cn/
_news_7_www_cctime_com.py,飞象网,www.cctime.com,http://www.cctime.com/
_news_80_news_jsdushi_net.py,江苏快讯网,jsdushi.net,http://news.jsdushi.net/
_news_81_nvxing_szol_net.py,深圳在线,szol.net,http://nvxing.szol.net/
_news_82_www_d1net_com.py,企业网,d1net.com,http://www.d1net.com/
_news_83_www_dzwww_com.py,大众网,dzwww.com,http://www.dzwww.com/
_news_84_www_cnrnew_cn.py,中国广播新闻网,cnrnew.cn,http://www.cnrnew.cn/
_news_85_www_guangyuanol_cn.py,川北在线,guangyuanol.cn,http://www.guangyuanol.cn/news/baike/
_news_86_news_yunnan_cn.py,云南新闻网,yunnan.cn,http://news.yunnan.cn/
_news_87_news_yunnan_cn.py,云南新闻网,yunnan.cn,http://news.yunnan.cn/
_news_88_www_huanqiu_com.py,环球网,huanqiu.com,http://www.huanqiu.com/?agt=15438
_news_89_www_zhicheng_com.py,至诚财经网,zhicheng.com,http://www.zhicheng.com/
_news_8_www_cdrx_net.py,成都热线,www.cdrx.net,https://www.cdrx.net/
_news_90_www_ln_chinanews_com.py,辽宁新闻网,ln.chinanews.com,http://www.ln.chinanews.com/
_news_91_www_minnan365_com.py,闽南之窗,minnan365.com,http://www.minnan365.com/
_news_92_www_news_cn.py,新华社,news.cn,http://www.news.cn/
_news_93_www_zgswcn_com.py,中国商报网,zgswcn.com,http://www.zgswcn.com
_news_94_www_56chp_cn.py,中国物流产品网,56chp.cn,http://www.56chp.cn/news/index.html
_news_95_www_southcn_com.py,南方网,southcn.com,http://www.southcn.com
_news_96_www_ahyouth_com.py,安青网,ahyouth.com,http://www.ahyouth.com/
_news_97_www_hqzxnews_com.py,环球资讯网,hqzxnews.com,http://www.hqzxnews.com/
_news_98_news_chinawutong_com.py,物流资讯,chinawutong.com,http://news.chinawutong.com/
_news_99_news_jxntv_cn.py,今视网,jxntv.cn,"http://news.jxntv.cn/?ch=7&ca=7,153"
_news_9_bbs_tiexue_net.py,中国财经信息网,cfi.cn,http://www.cfi.cn/
_news_driver_1_auto_sohu_com.py,搜狐网,sohu.com,http://auto.sohu.com/
_news_driver_2_www_yidianzixun_com.py,一点资讯,yidianzixun.com,https://www.yidianzixun.com/
_news_driver_3_news_qq_com.py,腾讯新闻,new.qq.com,https://news.qq.com/
_news_driver_4_news_tom_com.py,tom,tom.com,http://news.tom.com/
_news_driver_5_news_sohu_com.py,搜狐新闻,sohu.com,http://news.sohu.com/
_news_driver_6_www_chinanews_com.py,中企新闻网,chinanews.com,http://www.chinanews.com/scroll-news/news1.html
_news_10_news_gzw_net.py,贵州网,gzw.net,http://news.gzw.net/gedi/bijie/
_news_11_www_gwytb_gov_cn.py,国台办,www.gwytb.gov.cn,http://www.gwytb.gov.cn
_news_12_gxnews_com_cn.py,广西新闻网,gxnews.com.cn,http://gxnews.com.cn/
_news_13_www_hinews_cn.py,南海网,hinews.cn,http://www.hinews.cn/news/hainan/
_news_14_itaiwannews_cn.py,海峡飞虹,itaiwannews.cn,http://itaiwannews.cn
_news_15_news_jstv_com.py,江苏网络电视台,jstv.com,http://news.jstv.com/jiangsu/
_news_16_www_jxnews_com_cn.py,大江网,www.jxnews.com.cn,http://www.jxnews.com.cn/
_news_17_news_lcxw_cn.py,聊城新闻网,lcxw.cn,http://news.lcxw.cn/
_news_18_www_mrcjcn_com.py,每日财经网,mrcjcn.com,https://www.mrcjcn.com/finance/yinhang
_news_19_www_newskj_org.py,每日科技网,newskj.org,http://www.newskj.org/news/txit
_news_1_www_admin5_com.py,a5站长网,admin5.com,https://www.admin5.com/start/
_news_20_www_mnw_cn.py,闽南网,mnw.cn,http://www.mnw.cn/news/world/
_news_21_paper_people_com_cn.py,人民日报-人民网,paper.people.com.cn,http://paper.people.com.cn
_news_22_www_xuexiph_cn.py,学习出版社,xxcbs.xuexisd.com,http://www.xuexiph.cn/
_news_23_www_qianlong_com.py,千龙网,qianlong.com,http://www.qianlong.com/
_news_24_www_npca_org_cn.py,中国文明网,npca.org,http://www.npca.org.cn/xwzx/
_news_25_www_npopss-cn_gov_cn.py,全国哲学社会科学工作办公室,npopss-cn.gov.cn,http://www.npopss-cn.gov.cn
_news_26_www_thepaper_cn.py,澎湃新闻,thepaper.cn,https://www.thepaper.cn/channel_25950
_news_27_www_thexinhua_com.py,新华在线,thexinhua.com,http://www.thexinhua.com/a/1144.aspx
_news_28_www_nihaotw_com.py,你好台湾网,nihaotw.com,http://www.nihaotw.com/dlxw/
_news_29_news_iqilu_com.py,齐鲁网,iqilu.com,http://news.iqilu.com/guoji/
_news_2_www_beelink_com.py,百灵网,beelink.com,http://www.beelink.com/
_news_30_www_rednet_cn.py,红网,www.rednet.com,http://www.rednet.cn/index.html
_news_31_www_ssbgzzs_com.py,形势政策网,ssbgzzs.com,http://www.ssbgzzs.com/http://www.xingshizhengce.com/
_news_32_bbs_tiexue_net.py,深圳新闻网,sznews.com,http://www.sznews.com/
_news_33_www_taihainet_com.py,台海网,taihainet.com,http://www.taihainet.com/lifeid/tours/
_news_34_www_taiwan_cn.py,海峡论坛,taiwan.cn,http://www.taiwan.cn/hxlt/
_news_35_www_ts_cn.py,天山网,www.ts.cn,http://www.ts.cn/
_news_36_www_vos_com_cn.py,海峡之声,vos.com.cn,http://www.vos.com.cn/
_news_37_www_btime_com.py,北京时间,btime.com,https://www.btime.com/
_news_38_www_dangjian_cn.py,党建网,www.dangjian.cn,http://www.dangjian.cn/
_news_39_www_enorth_com_cn.py,北方网,www.enorth.com.cn,http://www.enorth.com.cn/
_news_3_www_17car_com_cn.py,财经快报网,17car.com.cn,http://www.17car.com.cn/guanzhu/
_news_40_www_fjsen_com.py,东南网,www.fjsen.com,http://www.fjsen.com/
_news_41_www_nen_com_cn.py,东北新闻网,www.nen.com.cn,http://www.nen.com.cn/
_news_42_news_xxrb_com_cn.py,新乡网,xxrb.com.cn,http://news.xxrb.com.cn/html/wenjiao/
_news_43_news_xmnn_cn.py,厦门网,news.xmnn.cn,http://news.xmnn.cn/
_news_44_news_ycwb_com.py,羊城晚报,ycwb.com,http://news.ycwb.com/n_bd_gz.htm
_news_45_www_investor_gov_cn.py,中国投资者网,investor.gov.cn,https://www.investor.gov.cn/information_release/news_release_from_authorities/zjhfb/
_news_46_news_cnfol_com.py,中金在线,cnfol.com,http://news.cnfol.com/
_news_47_www_tibetinfor_com.py,中国西藏网,tibetinfor.com,http://www.tibetinfor.com/
_news_48_news_china_com_cn.py,中国网,china.com.cn,http://news.china.com.cn
_news_49_news_cctv_com.py,央视网,cctv.com,http://news.cctv.com/mobile/index.shtml
_news_4_www_fechina_com_cn.py,财经中国网,fechina.com.cn,http://www.fechina.com.cn/news/
_news_50_cn_chinadaily_com_cn.py,中国日报网,chinadaily.com.cn,http://cn.chinadaily.com.cn
_news_51_www_youth_cn.py,中国台湾网,youth.cn,http://www.youth.cn/
_news_52_www_wenming_cn.py,中国文明网,wenming.cn,http://www.wenming.cn/ldhd/
_news_53_www_chinanews_com.py,中国新闻网,chinanews.com,http://www.chinanews.com/scroll-news/news1.html
_news_54_www_ce_cn.py,中国经济网,ce.cn,http://www.ce.cn/ztpd/xwzt/guonei/zjzkzjlt/index.shtml
_news_55_dangjian_eastday_com.py,东方网,eastday.com,http://dangjian.eastday.com/
_news_56_www_southcn_com.py,南方网,southcn.com,http://www.southcn.com/pc2018/yw/node_384370.htm
_news_57_news_cqnews_net.py,华龙网,cq.cqnews.net,http://news.cqnews.net/
_news_58_news_cnr_cn.py,央广网,cnr.cn,http://news.cnr.cn/
_news_59_www_youth_cn.py,中国青年网,youth.cn,http://www.youth.cn/
_news_5_www_cnhubei_com.py,荆楚网,news.cnhubei.com,http://www.cnhubei.com
_news_60_cass_its_taiwan_cn.py,中国社会科学院台湾研究所,its.taiwan.cn,http://cass.its.taiwan.cn/
_news_61_www_ccdi_gov_cn.py,中央纪委国家监察委网站,ccdi.gov.cn,http://www.ccdi.gov.cn/
_news_6_www_cqnews_net.py,华龙网,cqnews.net,http://www.cqnews.net/
_news_7_www_cztv_com.py,新蓝网,cztv.com,http://www.cztv.com/
_news_8_finance_eastmoney_com.py,东方财富网,eastmoney.com,http://finance.eastmoney.com/a/ccjdd.html
_news_9_www_gov_cn.py,中国政府网,www.gov.cn,http://www.gov.cn/index.htm
_news_1_www_crntt_com.py,中评社,crntt.com,http://www.crntt.com/
_news_driver_1_cyol_com.py,中青在线,cyol.com,http://cyol.com/http://news.cyol.com/indexapp.htm
_news_driver_1_games_sina_com_cn.py,新浪游戏,games.sina.com.cn,http://games.sina.com.cn/y
_news_driver_2_roll_fashion_sina_com_cn.py,新浪网生活空间,fashion.sina.com.cn,http://roll.fashion.sina.com.cn/style/trend/index.shtml
_news_driver_3_sports_sina_com_cn.py,新浪网竞技风暴,sina.com.cn,http://sports.sina.com.cn/zt_d/zuxiebei
